Team,vs Team,Home?,Gameweek,Shots,SoT,SiB,xG,npxG,G,npG,CC,xA,A,xGC,GC,xCS,CS,xGI,npxGI,xP,P,P vs xP,T,TPA,C 1/3,C PA
Arsenal,Wolverhampton Wanderers,true,1,18,6,12,1.2,1.2,2,2,17,1.1,2,0.5,0,0.5,1,2.3,2.3,52.5,70,17.5,567,43,9,11
Aston Villa,West Ham,false,1,15,3,10,2.0,2.0,2,2,12,1.4,2,2.3,1,0.0,0,3.4,3.4,38.0,47,9.0,558,21,12,4
Brentford,Crystal Palace,true,1,9,5,8,1.5,1.5,2,2,7,0.5,1,1.0,1,0.3,0,2.0,2.0,48.7,47,−1.7,531,11,12,3
Wolverhampton Wanderers,Arsenal,false,1,9,3,6,0.5,0.5,0,0,4,0.2,0,1.2,2,0.2,0,0.7,0.7,31.8,20,−11.8,492,16,9,4
Brighton,Everton,false,1,10,5,9,1.5,1.5,3,3,10,1.6,3,0.3,0,0.7,1,3.1,3.1,56.3,74,17.7,704,27,13,11
Tottenham,Leicester,false,1,15,6,12,1.2,1.2,1,1,13,1.2,1,1.1,1,0.3,0,2.4,2.4,45.1,37,−8.1,830,56,13,11
Liverpool,Ipswich,false,1,19,5,13,2.7,2.7,2,2,13,2.1,1,0.5,0,0.7,1,4.8,4.8,65.6,69,3.4,718,46,13,13
Leicester,Tottenham,true,1,7,3,6,1.1,1.1,1,1,5,0.9,1,1.2,1,0.2,0,2.0,2.0,41.8,37,−4.8,445,10,3,2
Southampton,Newcastle United,false,1,19,3,13,1.9,1.9,0,0,15,1.4,0,0.2,1,0.6,0,3.3,3.3,55.2,22,−33.2,773,46,19,9
Ipswich,Liverpool,true,1,7,2,5,0.5,0.5,0,0,4,0.3,0,2.7,2,0.0,0,0.8,0.8,22.7,18,−4.7,495,16,7,5
Nottingham Forest,Bournemouth,true,1,14,8,8,1.4,1.4,1,1,11,0.4,0,1.6,1,0.1,0,1.8,1.8,35.0,38,3.0,669,27,16,2
Crystal Palace,Brentford,false,1,14,6,6,1.0,1.0,1,1,9,0.6,0,1.5,2,0.1,0,1.6,1.6,32.6,19,−13.6,629,19,13,4
Manchester City,Chelsea,false,1,11,5,6,0.7,0.7,2,2,8,0.6,1,1.1,0,0.3,1,1.3,1.3,35.4,65,29.6,650,25,27,12
Chelsea,Manchester City,true,1,10,3,6,1.1,1.1,0,0,9,1.2,0,0.7,2,0.2,0,2.3,2.3,43.2,21,−22.2,617,24,7,2
Manchester United,Fulham,true,1,14,5,7,2.4,2.4,1,1,10,2.0,1,0.4,0,0.7,1,4.4,4.4,65.8,65,−0.8,639,23,16,3
West Ham,Aston Villa,true,1,14,3,11,2.3,1.5,1,0,10,1.0,0,2.0,2,0.0,0,3.3,2.5,41.0,29,−12.0,552,21,12,6
Fulham,Manchester United,false,1,10,2,6,0.4,0.4,0,0,9,0.3,0,2.4,1,0.1,0,0.7,0.7,25.0,27,2.0,538,21,18,7
Everton,Brighton,true,1,9,1,6,0.3,0.3,0,0,4,0.1,0,1.5,3,0.1,0,0.4,0.4,24.7,16,−8.7,486,18,4,3
Bournemouth,Nottingham Forest,false,1,13,4,6,1.6,1.6,1,1,7,0.6,0,1.4,1,0.2,0,2.2,2.2,46.2,32,−14.2,623,22,14,6
Newcastle United,Southampton,true,1,3,1,3,0.2,0.2,1,1,3,0.2,1,1.9,0,0.1,1,0.4,0.4,23.4,58,34.6,316,13,5,0
Southampton,Nottingham Forest,true,2,5,1,2,0.2,0.2,0,0,4,0.3,0,2.2,1,0.0,0,0.5,0.5,24.8,26,1.2,781,18,25,3
Brentford,Liverpool,false,2,8,2,4,0.3,0.3,0,0,5,0.3,0,2.7,2,0.0,0,0.6,0.6,23.3,20,−3.3,490,9,7,2
Chelsea,Wolverhampton Wanderers,false,2,14,8,10,1.6,1.6,6,6,12,1.3,5,2.0,2,0.0,0,2.9,2.9,34.5,68,33.5,616,20,17,8
Ipswich,Manchester City,false,2,1,1,0,0.3,0.3,1,1,1,0.3,1,3.3,4,0.0,0,0.6,0.6,20.8,20,−0.8,386,5,5,0
Aston Villa,Arsenal,true,2,11,3,7,1.3,1.3,0,0,9,0.8,0,1.2,2,0.1,0,2.1,2.1,42.5,23,−19.5,443,17,10,6
Arsenal,Aston Villa,false,2,9,4,5,1.2,1.2,2,2,7,1.0,1,1.3,0,0.2,1,2.2,2.2,37.6,69,31.4,619,30,13,5
Leicester,Fulham,false,2,10,4,6,0.6,0.6,1,1,6,0.3,1,1.8,2,0.1,0,0.9,0.9,31.8,29,−2.8,576,9,5,2
Manchester City,Ipswich,true,2,14,5,9,3.3,2.5,4,3,11,2.4,2,0.3,1,0.5,0,5.7,4.9,64.9,56,−8.9,883,47,27,11
Crystal Palace,West Ham,true,2,14,2,8,1.4,1.4,0,0,13,1.3,0,1.4,2,0.2,0,2.7,2.7,43.8,19,−24.8,705,22,11,7
Nottingham Forest,Southampton,false,2,23,8,14,2.2,2.2,1,1,17,1.8,0,0.2,0,0.8,1,4.0,4.0,67.6,60,−7.6,497,33,16,14
Liverpool,Brentford,true,2,19,8,17,2.7,2.7,2,2,17,2.5,2,0.3,0,0.6,1,5.2,5.2,68.4,74,5.6,741,41,18,13
Wolverhampton Wanderers,Chelsea,true,2,12,4,8,2.0,2.0,2,2,8,1.8,2,1.6,6,0.1,0,3.8,3.8,43.4,24,−19.4,444,24,7,4
West Ham,Crystal Palace,false,2,18,3,13,1.4,1.4,2,2,8,0.5,1,1.4,0,0.2,1,1.9,1.9,40.0,70,30.0,544,21,7,4
Manchester United,Brighton,false,2,11,3,8,1.4,1.4,1,1,11,1.3,1,2.2,2,0.0,0,2.7,2.7,33.6,28,−5.6,635,26,11,8
Tottenham,Everton,true,2,13,7,9,2.3,2.3,4,4,11,1.3,3,0.9,0,0.5,1,3.6,3.6,62.0,89,27.0,760,30,16,6
Brighton,Manchester United,true,2,14,4,10,2.2,2.2,2,2,12,2.0,2,1.4,1,0.2,0,4.2,4.2,49.7,46,−3.7,600,32,11,7
Bournemouth,Newcastle United,true,2,16,4,11,2.1,2.1,1,1,14,2.1,1,1.7,1,0.1,0,4.2,4.2,49.7,38,−11.7,510,24,7,7
Fulham,Leicester,true,2,18,6,13,1.8,1.8,2,2,17,1.5,2,0.6,1,0.4,0,3.3,3.3,53.0,47,−6.0,671,28,14,6
Everton,Tottenham,false,2,10,1,10,0.9,0.9,0,0,8,0.9,0,2.3,4,0.0,0,1.8,1.8,28.2,15,−13.2,355,22,6,3
Newcastle United,Bournemouth,false,2,14,5,12,1.7,1.7,1,1,14,1.5,1,2.1,1,0.0,0,3.2,3.2,35.2,36,0.8,650,31,11,6
Manchester City,West Ham,false,3,23,8,19,3.1,3.1,3,3,20,2.7,3,0.6,1,0.3,0,5.8,5.8,60.8,49,−11.8,842,56,22,17
Leicester,Aston Villa,true,3,9,3,3,0.3,0.3,1,1,5,0.3,1,1.5,2,0.1,0,0.6,0.6,28.0,27,−1.0,653,15,11,2
Wolverhampton Wanderers,Nottingham Forest,false,3,11,2,4,1.0,1.0,1,1,8,0.3,1,1.1,1,0.1,0,1.3,1.3,32.7,31,−1.7,508,13,14,3
Brentford,Southampton,true,3,20,7,15,2.8,2.8,3,3,15,1.6,1,1.6,1,0.1,0,4.4,4.4,49.1,56,6.9,513,41,5,8
Liverpool,Manchester United,false,3,11,3,10,1.6,1.6,3,3,9,1.5,3,1.3,0,0.1,1,3.1,3.1,46.7,82,35.3,605,27,15,9
Brighton,Arsenal,false,3,22,4,15,2.3,2.3,1,1,12,1.0,0,2.0,1,0.1,0,3.3,3.3,40.5,37,−3.5,607,30,20,11
Bournemouth,Everton,false,3,17,7,12,2.3,2.3,3,3,14,2.1,3,2.0,2,0.0,0,4.4,4.4,47.9,49,1.1,559,27,10,4
Fulham,Ipswich,false,3,9,4,9,0.9,0.9,1,1,8,1.0,1,0.5,1,0.5,0,1.9,1.9,49.1,36,−13.1,542,19,7,6
Manchester United,Liverpool,true,3,8,3,5,1.3,1.3,0,0,7,1.4,0,1.6,3,0.1,0,2.7,2.7,34.1,16,−18.1,643,26,4,8
West Ham,Manchester City,true,3,10,2,7,0.6,0.6,1,1,6,0.4,0,3.1,3,0.0,0,1.0,1.0,24.8,22,−2.8,450,23,11,6
Newcastle United,Tottenham,true,3,9,3,6,1.5,1.5,2,2,6,1.5,2,1.3,1,0.1,0,3.0,3.0,44.9,42,−2.9,434,13,4,4
Everton,Bournemouth,true,3,18,8,13,2.0,2.0,2,2,16,1.9,2,2.3,3,0.1,0,3.9,3.9,38.5,38,−0.6,516,35,13,4
Tottenham,Newcastle United,false,3,20,6,9,1.3,1.3,1,1,13,0.5,0,1.5,2,0.1,0,1.8,1.8,31.5,20,−11.5,664,44,24,11
Chelsea,Crystal Palace,true,3,13,7,8,2.2,2.2,1,1,10,1.8,1,0.4,1,0.6,0,4.0,4.0,56.3,30,−26.3,745,21,5,4
Ipswich,Fulham,true,3,11,4,6,0.5,0.5,1,1,9,0.2,1,0.9,1,0.2,0,0.7,0.7,35.2,35,−0.2,524,13,10,2
Crystal Palace,Chelsea,false,3,9,3,4,0.4,0.4,1,1,7,0.3,0,2.2,1,0.0,0,0.7,0.7,21.1,35,13.9,482,22,9,6
Southampton,Brentford,false,3,18,6,9,1.6,1.6,1,1,14,1.4,1,2.8,3,0.0,0,3.0,3.0,31.6,27,−4.6,734,29,16,7
Nottingham Forest,Wolverhampton Wanderers,true,3,16,5,13,1.1,1.1,1,1,15,1.1,1,1.0,1,0.3,0,2.2,2.2,40.5,34,−6.5,514,36,5,11
Arsenal,Brighton,true,3,11,7,10,2.0,2.0,1,1,8,1.7,1,2.3,1,0.1,0,3.7,3.7,34.9,28,−6.9,406,27,6,6
Aston Villa,Leicester,false,3,10,5,8,1.5,1.5,2,2,7,1.5,2,0.3,1,0.4,0,3.0,3.0,48.6,45,−3.6,520,20,11,3
Crystal Palace,Leicester,true,4,20,4,16,2.6,1.8,2,1,14,1.5,1,1.1,2,0.1,0,4.1,3.3,49.8,36,−13.8,745,36,16,5
Manchester City,Brentford,true,4,18,7,10,1.9,1.9,2,2,16,1.7,1,1.0,1,0.3,0,3.6,3.6,46.6,38,−8.6,663,49,18,13
Ipswich,Brighton,false,4,6,1,3,0.3,0.3,0,0,4,0.2,0,1.7,0,0.1,1,0.5,0.5,27.7,50,22.3,421,8,5,4
Nottingham Forest,Liverpool,false,4,5,3,3,0.4,0.4,1,1,5,0.5,1,0.9,0,0.2,1,0.9,0.9,31.9,62,30.1,421,5,4,2
Aston Villa,Everton,true,4,17,7,13,2.1,2.1,3,3,12,1.7,2,0.9,2,0.3,0,3.8,3.8,52.2,42,−10.2,793,28,19,4
Brentford,Manchester City,false,4,8,5,6,1.0,1.0,1,1,6,0.6,0,1.9,2,0.2,0,1.6,1.6,37.1,26,−11.1,596,20,8,2
Arsenal,Tottenham,false,4,7,4,7,0.7,0.7,1,1,6,0.6,1,0.8,0,0.4,1,1.3,1.3,45.5,63,17.5,436,19,4,5
Tottenham,Arsenal,true,4,15,5,10,0.8,0.8,0,0,12,0.6,0,0.7,1,0.3,0,1.4,1.4,32.9,21,−11.9,665,28,28,8
Leicester,Crystal Palace,false,4,9,4,7,1.1,1.1,2,2,9,1.2,2,2.6,2,0.0,0,2.3,2.3,25.9,35,9.1,458,13,9,2
Brighton,Ipswich,true,4,21,6,10,1.7,1.7,0,0,10,0.6,0,0.3,0,0.4,1,2.3,2.3,45.7,46,0.3,721,34,16,8
Liverpool,Nottingham Forest,true,4,14,5,10,0.9,0.9,0,0,13,0.8,0,0.4,1,0.5,0,1.7,1.7,46.3,22,−24.3,756,31,16,11
Wolverhampton Wanderers,Newcastle United,true,4,12,5,10,1.1,1.1,1,1,8,0.6,1,1.6,2,0.2,0,1.7,1.7,40.7,33,−7.7,572,25,12,5
West Ham,Fulham,false,4,11,3,7,0.6,0.6,1,1,9,0.7,1,1.6,1,0.0,0,1.3,1.3,27.7,32,4.3,496,12,11,0
Bournemouth,Chelsea,true,4,19,7,10,1.9,1.0,0,0,13,0.5,0,0.5,1,0.3,0,2.4,1.5,45.4,26,−19.4,418,25,8,7
Fulham,West Ham,true,4,21,5,17,1.6,1.6,1,1,16,1.4,1,0.6,1,0.5,0,3.0,3.0,54.8,40,−14.8,581,28,12,3
Newcastle United,Wolverhampton Wanderers,false,4,14,6,8,1.6,1.6,2,2,13,1.4,2,1.1,1,0.2,0,3.0,3.0,40.1,43,2.9,593,19,9,5
Everton,Aston Villa,false,4,6,2,5,0.9,0.9,2,2,4,0.8,1,2.1,3,0.0,0,1.7,1.7,27.2,34,6.8,371,14,1,7
Manchester United,Southampton,false,4,20,10,11,2.4,2.4,3,3,17,2.2,3,1.1,0,0.1,1,4.6,4.6,48.5,85,36.5,738,37,13,8
Chelsea,Bournemouth,false,4,10,3,6,0.5,0.5,1,1,8,0.3,1,1.9,0,0.1,1,0.8,0.8,24.7,62,37.3,713,19,13,3
Southampton,Manchester United,true,4,6,3,6,1.1,0.3,0,0,4,0.2,0,2.4,3,0.0,0,1.3,0.5,27.6,18,−9.6,600,12,7,8
Crystal Palace,Manchester United,true,5,9,4,7,1.2,1.2,0,0,8,1.0,0,1.7,0,0.0,1,2.2,2.2,36.1,51,14.9,473,15,9,2
Ipswich,Southampton,false,5,13,6,8,1.6,1.6,1,1,12,1.4,0,2.6,1,0.0,0,3.0,3.0,31.3,30,−1.3,540,24,11,5
Manchester United,Crystal Palace,false,5,15,6,11,1.7,1.7,0,0,12,1.1,0,1.2,0,0.1,1,2.8,2.8,42.3,54,11.7,804,32,15,5
Nottingham Forest,Brighton,false,5,4,3,4,1.6,0.8,2,1,3,0.8,1,0.8,2,0.1,0,2.4,1.6,33.3,28,−5.3,391,11,4,3
Bournemouth,Liverpool,false,5,19,6,12,0.9,0.9,0,0,14,0.9,0,2.0,3,0.1,0,1.8,1.8,29.7,20,−9.7,556,27,11,5
Southampton,Ipswich,true,5,11,3,9,2.6,2.6,1,1,8,2.5,1,1.6,1,0.1,0,5.1,5.1,48.2,35,−13.2,617,19,9,3
Fulham,Newcastle United,true,5,22,11,18,2.4,2.4,3,3,18,2.0,3,1.3,1,0.3,0,4.4,4.4,49.9,48,−1.9,483,37,16,9
Chelsea,West Ham,false,5,12,5,11,2.5,2.5,3,3,12,2.3,3,0.9,0,0.5,1,4.8,4.8,58.7,73,14.3,577,30,8,13
Tottenham,Brentford,true,5,23,9,19,3.6,3.6,3,3,15,1.8,2,0.6,1,0.3,0,5.4,5.4,61.5,53,−8.5,605,53,18,19
Leicester,Everton,true,5,12,2,10,0.7,0.7,1,1,10,0.3,0,1.1,1,0.1,0,1.0,1.0,32.4,32,−0.4,636,26,15,3
Manchester City,Arsenal,true,5,33,11,15,2.1,2.1,2,2,27,1.5,1,0.7,2,0.2,0,3.6,3.6,45.1,40,−5.1,840,52,39,18
Brighton,Nottingham Forest,true,5,14,3,8,0.8,0.8,2,2,12,0.4,1,1.6,2,0.1,0,1.2,1.2,31.6,37,5.4,703,28,24,7
Brentford,Tottenham,false,5,6,6,5,0.6,0.6,1,1,6,0.6,1,3.6,3,0.0,0,1.2,1.2,26.9,31,4.1,639,18,6,1
Aston Villa,Wolverhampton Wanderers,true,5,9,3,6,1.7,1.7,3,3,7,1.6,3,0.5,1,0.6,0,3.3,3.3,52.9,50,−2.9,584,28,17,8
Liverpool,Bournemouth,true,5,19,12,14,2.0,2.0,3,3,18,1.9,3,0.9,0,0.2,1,3.9,3.9,52.0,80,28.0,738,28,16,10
Wolverhampton Wanderers,Aston Villa,false,5,10,4,8,0.5,0.5,1,1,7,0.3,0,1.7,3,0.0,0,0.8,0.8,24.7,23,−1.7,532,17,12,4
Newcastle United,Fulham,false,5,15,4,11,1.3,1.3,1,1,11,0.8,1,2.4,3,0.0,0,2.1,2.1,35.5,33,−2.5,701,18,13,6
Everton,Leicester,false,5,16,5,13,1.1,1.1,1,1,12,0.8,1,0.7,1,0.2,0,1.9,1.9,38.2,33,−5.2,511,23,8,5
West Ham,Chelsea,true,5,15,7,8,0.9,0.9,0,0,9,0.3,0,2.5,3,0.1,0,1.2,1.2,20.5,14,−6.5,605,33,12,8
Arsenal,Manchester City,false,5,5,3,4,0.7,0.7,2,2,4,0.6,2,2.1,2,0.0,0,1.3,1.3,25.4,36,10.6,326,9,2,3
Chelsea,Brighton,true,6,15,6,13,3.4,2.6,4,3,12,2.4,2,1.1,2,0.3,0,5.8,5.0,60.7,56,−4.7,521,24,3,7
Crystal Palace,Everton,false,6,17,4,11,0.8,0.8,1,1,12,0.6,1,0.9,2,0.3,0,1.4,1.4,40.5,31,−9.5,672,28,11,4
Leicester,Arsenal,false,6,5,3,5,0.2,0.2,2,2,5,0.2,2,5.1,4,0.0,0,0.4,0.4,18.7,34,15.3,409,11,3,2
Manchester United,Tottenham,true,6,11,2,10,0.9,0.9,0,0,9,0.7,0,4.8,3,0.0,0,1.6,1.6,14.8,13,−1.8,532,24,6,6
Arsenal,Leicester,true,6,36,16,28,5.1,5.1,4,4,26,2.3,2,0.2,2,0.7,0,7.4,7.4,77.7,47,−30.7,830,69,21,13
Liverpool,Wolverhampton Wanderers,false,6,10,6,8,2.6,1.8,2,1,6,1.2,1,0.4,1,0.4,0,3.8,3.0,55.0,44,−11.0,649,35,17,10
Brentford,West Ham,true,6,8,3,4,0.4,0.4,1,1,4,0.1,1,0.8,1,0.4,0,0.5,0.5,33.5,33,−0.5,688,23,11,4
Aston Villa,Ipswich,false,6,7,3,4,0.7,0.7,2,2,6,0.6,2,1.0,2,0.1,0,1.3,1.3,36.7,39,2.3,644,17,11,5
Tottenham,Manchester United,false,6,24,10,18,4.8,4.8,3,3,19,3.9,2,0.9,0,0.5,1,8.7,8.7,75.0,73,−2.0,767,41,26,8
Brighton,Chelsea,false,6,15,5,8,1.1,1.1,2,2,8,0.5,1,3.4,4,0.0,0,1.6,1.6,24.7,28,3.3,707,26,17,4
Ipswich,Aston Villa,true,6,15,5,10,1.0,1.0,2,2,13,1.1,2,0.7,2,0.2,0,2.1,2.1,40.6,37,−3.6,520,23,11,5
Manchester City,Newcastle United,false,6,16,6,12,1.0,1.0,1,1,13,0.9,1,1.6,1,0.1,0,1.9,1.9,34.2,35,0.8,705,38,22,11
Nottingham Forest,Fulham,true,6,11,1,6,0.9,0.9,0,0,5,0.6,0,1.3,1,0.1,0,1.5,1.5,30.9,22,−8.9,488,29,23,6
Everton,Crystal Palace,true,6,8,2,5,0.9,0.9,2,2,7,0.7,1,0.8,1,0.3,0,1.6,1.6,38.6,43,4.4,504,16,9,0
Fulham,Nottingham Forest,false,6,14,2,10,1.3,0.5,1,0,7,0.3,0,0.9,0,0.5,1,1.6,0.8,48.7,61,12.3,672,23,18,7
West Ham,Brentford,false,6,19,3,12,0.8,0.8,1,1,14,0.6,1,0.4,1,0.7,0,1.4,1.4,47.3,33,−14.3,571,33,9,10
Newcastle United,Manchester City,true,6,11,4,10,1.6,0.8,1,0,8,0.7,0,1.0,1,0.3,0,2.3,1.5,43.8,29,−14.8,463,24,5,7
Bournemouth,Southampton,true,6,14,6,9,1.3,1.3,3,3,11,1.3,3,0.5,1,0.5,0,2.6,2.6,51.4,53,1.6,530,25,13,5
Southampton,Bournemouth,false,6,9,3,6,0.5,0.5,1,1,7,0.4,0,1.3,3,0.2,0,0.9,0.9,28.2,21,−7.2,738,17,14,3
Wolverhampton Wanderers,Liverpool,true,6,7,3,5,0.4,0.4,1,1,5,0.2,0,2.6,2,0.0,0,0.6,0.6,21.8,26,4.2,555,18,14,8
Liverpool,Crystal Palace,false,7,16,4,8,1.4,1.4,1,1,16,1.2,1,0.6,0,0.5,1,2.6,2.6,54.1,64,9.9,778,26,11,10
Chelsea,Nottingham Forest,true,7,22,8,14,2.1,2.1,1,1,17,1.7,1,0.9,1,0.1,0,3.8,3.8,47.8,36,−11.8,733,41,17,9
Crystal Palace,Liverpool,true,7,9,5,3,0.6,0.6,0,0,6,0.6,0,1.4,1,0.1,0,1.2,1.2,27.7,25,−2.7,422,7,7,2
Tottenham,Brighton,false,7,13,3,11,1.3,1.3,2,2,8,1.1,2,1.8,3,0.1,0,2.4,2.4,37.2,37,−0.2,661,31,10,9
Brighton,Tottenham,true,7,11,4,9,1.8,1.8,3,3,8,1.0,1,1.3,2,0.3,0,2.8,2.8,45.2,42,−3.2,496,25,9,8
Arsenal,Southampton,true,7,29,6,20,3.4,3.4,3,3,22,2.7,2,0.6,1,0.2,0,6.1,6.1,59.2,50,−9.2,672,56,16,17
Brentford,Wolverhampton Wanderers,true,7,19,12,14,4.2,3.5,5,4,14,2.3,3,0.9,3,0.5,0,6.5,5.8,72.7,65,−7.7,528,42,9,8
Leicester,Bournemouth,true,7,6,2,3,0.6,0.6,1,1,5,0.5,1,1.8,0,0.1,1,1.1,1.1,30.3,61,30.7,530,10,6,3
Wolverhampton Wanderers,Brentford,false,7,17,6,10,0.9,0.9,3,3,14,0.8,3,4.2,5,0.0,0,1.7,1.7,19.3,39,19.7,618,31,13,5
Newcastle United,Everton,false,7,14,2,12,1.8,1.0,0,0,9,0.9,0,0.7,0,0.4,1,2.7,1.9,52.3,52,−0.3,796,41,17,12
Fulham,Manchester City,false,7,11,4,9,2.3,2.3,2,2,11,2.4,2,1.5,3,0.2,0,4.7,4.7,56.5,39,−17.5,588,24,21,6
Nottingham Forest,Chelsea,false,7,16,9,9,0.9,0.9,1,1,9,0.4,1,2.1,1,0.0,0,1.3,1.3,27.0,33,6.0,447,19,10,3
West Ham,Ipswich,true,7,23,12,17,3.2,3.2,4,4,15,1.5,1,0.6,1,0.2,0,4.7,4.7,58.3,64,5.7,638,27,6,10
Ipswich,West Ham,false,7,9,2,5,0.6,0.6,1,1,8,0.7,0,3.2,4,0.0,0,1.3,1.3,28.4,22,−6.4,566,13,11,1
Manchester City,Fulham,true,7,20,7,10,1.5,1.5,3,3,14,1.2,2,2.3,2,0.0,0,2.7,2.7,31.8,46,14.2,757,39,16,8
Manchester United,Aston Villa,false,7,10,4,4,0.5,0.5,0,0,6,0.1,0,0.4,0,0.6,1,0.6,0.6,34.7,40,5.3,496,9,10,4
Aston Villa,Manchester United,true,7,11,1,6,0.4,0.4,0,0,8,0.2,0,0.5,0,0.6,1,0.6,0.6,47.1,54,6.9,535,23,14,5
Everton,Newcastle United,true,7,8,2,2,0.7,0.7,0,0,6,0.4,0,1.8,0,0.1,1,1.1,1.1,29.1,53,23.9,466,12,6,1
Bournemouth,Leicester,false,7,17,2,13,1.8,1.8,0,0,15,1.5,0,0.6,1,0.3,0,3.3,3.3,49.9,25,−24.9,593,31,17,5
Southampton,Arsenal,false,7,8,2,5,0.6,0.6,1,1,5,0.5,1,3.4,3,0.0,0,1.1,1.1,23.2,26,2.8,518,8,9,2
Brighton,Newcastle United,false,8,10,5,8,1.2,1.2,1,1,6,0.8,1,2.0,0,0.1,1,2.0,2.0,32.1,63,30.9,537,12,4,2
Liverpool,Chelsea,true,8,8,5,7,1.9,1.1,2,1,6,0.9,1,0.9,1,0.2,0,2.8,2.0,44.0,43,−1.0,525,15,6,4
Aston Villa,Fulham,false,8,14,5,10,1.6,1.6,3,3,11,1.3,2,1.7,1,0.0,0,2.9,2.9,35.2,50,14.8,547,23,12,4
Arsenal,Bournemouth,false,8,6,1,5,0.6,0.6,0,0,3,0.3,0,1.6,2,0.0,0,0.9,0.9,24.8,15,−9.8,583,21,9,8
Brentford,Manchester United,false,8,8,2,6,1.0,1.0,1,1,6,0.8,1,1.5,2,0.1,0,1.8,1.8,43.5,31,−12.5,647,16,15,3
Newcastle United,Brighton,true,8,21,6,15,2.0,2.0,0,0,16,1.7,0,1.2,1,0.1,0,3.7,3.7,49.7,26,−23.7,690,42,14,11
West Ham,Tottenham,false,8,11,3,7,0.8,0.8,1,1,8,0.5,0,1.4,4,0.2,0,1.3,1.3,32.0,14,−18.0,518,17,12,1
Bournemouth,Arsenal,true,8,13,4,9,1.6,0.8,2,1,10,0.5,1,0.6,0,0.4,1,2.1,1.3,48.7,68,19.3,552,27,15,7
Southampton,Leicester,true,8,14,7,14,2.0,2.0,2,2,12,1.5,1,3.0,3,0.0,0,3.5,3.5,30.1,38,7.9,524,26,8,7
Nottingham Forest,Crystal Palace,true,8,20,6,10,1.6,1.6,1,1,15,1.3,0,1.0,0,0.4,1,2.9,2.9,54.7,62,7.3,620,31,14,7
Everton,Ipswich,false,8,11,8,8,1.7,1.7,2,2,7,0.9,1,1.3,0,0.3,1,2.6,2.6,41.1,66,24.9,534,25,10,8
Fulham,Aston Villa,true,8,10,4,9,1.7,0.9,1,1,8,1.1,1,1.6,3,0.2,0,2.8,2.0,42.1,20,−22.1,590,24,17,4
Wolverhampton Wanderers,Manchester City,true,8,3,2,2,0.7,0.7,1,1,3,0.7,1,1.6,2,0.2,0,1.4,1.4,33.5,26,−7.5,374,4,3,3
Manchester City,Wolverhampton Wanderers,false,8,22,7,12,1.6,1.6,2,2,18,1.4,2,0.7,1,0.4,0,3.0,3.0,52.3,45,−7.3,890,80,42,23
Leicester,Southampton,false,8,18,4,14,3.0,2.2,3,2,17,2.4,2,2.0,2,0.0,0,5.4,4.6,44.4,39,−5.4,659,37,8,5
Crystal Palace,Nottingham Forest,false,8,20,7,10,1.0,1.0,0,0,16,1.0,0,1.6,1,0.1,0,2.0,2.0,34.6,24,−10.6,605,21,9,3
Chelsea,Liverpool,false,8,12,2,9,0.9,0.9,1,1,8,0.7,1,1.9,2,0.0,0,1.6,1.6,28.9,24,−4.9,673,24,24,8
Ipswich,Everton,true,8,13,2,9,1.3,1.3,0,0,11,1.2,0,1.7,2,0.1,0,2.5,2.5,44.8,23,−21.8,642,22,13,5
Manchester United,Brentford,true,8,23,11,13,1.5,1.5,2,2,19,1.3,2,1.0,1,0.3,0,2.8,2.8,44.8,45,0.2,641,34,11,12
Tottenham,West Ham,true,8,22,7,17,1.4,1.4,4,4,19,1.3,3,0.8,1,0.4,0,2.7,2.7,51.0,55,4.0,634,38,17,5
Liverpool,Arsenal,false,9,9,4,5,0.9,0.9,2,2,6,0.7,2,1.1,2,0.3,0,1.6,1.6,42.7,39,−3.7,595,23,7,2
Leicester,Nottingham Forest,true,9,11,1,5,0.6,0.6,1,1,10,0.4,1,1.8,3,0.0,0,1.0,1.0,24.8,24,−0.8,721,24,19,6
Manchester City,Southampton,true,9,22,7,13,3.0,3.0,1,1,19,2.9,1,0.2,0,0.7,1,5.9,5.9,67.2,62,−5.2,735,52,20,16
Brentford,Ipswich,true,9,20,9,14,4.0,3.2,4,3,17,3.2,2,1.4,3,0.1,0,7.2,6.4,63.3,50,−13.3,718,30,10,7
Bournemouth,Aston Villa,false,9,11,3,5,0.1,0.1,1,1,9,0.3,1,1.8,1,0.1,0,0.4,0.4,26.4,35,8.6,484,17,14,5
Arsenal,Liverpool,true,9,9,3,5,1.1,1.1,2,2,8,1.0,2,0.9,2,0.2,0,2.1,2.1,35.0,40,5.0,514,30,12,8
Brighton,Wolverhampton Wanderers,true,9,19,6,13,1.3,1.3,2,2,12,1.1,2,1.2,2,0.3,0,2.4,2.4,45.5,42,−3.5,637,32,25,8
Aston Villa,Bournemouth,true,9,18,8,13,1.8,1.8,1,1,13,1.4,1,0.1,1,0.7,0,3.2,3.2,53.2,33,−20.2,562,33,9,6
Crystal Palace,Tottenham,true,9,14,6,7,0.9,0.9,1,1,8,0.6,1,0.7,0,0.3,1,1.5,1.5,40.1,63,22.9,450,20,6,5
Wolverhampton Wanderers,Brighton,false,9,14,7,14,1.2,1.2,2,2,12,1.2,1,1.3,2,0.2,0,2.4,2.4,39.7,37,−2.7,601,28,8,8
Southampton,Manchester City,false,9,5,2,5,0.2,0.2,0,0,5,0.2,0,3.0,1,0.0,0,0.4,0.4,19.8,24,4.2,600,14,10,5
West Ham,Manchester United,true,9,12,3,11,2.9,2.2,2,1,10,2.0,1,2.1,1,0.0,0,4.9,4.2,42.2,39,−3.2,557,30,12,6
Tottenham,Crystal Palace,false,9,11,3,8,0.7,0.7,0,0,6,0.3,0,0.9,1,0.3,0,1.0,1.0,38.4,23,−15.4,677,25,15,3
Chelsea,Newcastle United,true,9,17,7,12,1.7,1.7,2,2,14,1.6,2,1.7,1,0.0,0,3.3,3.3,35.2,42,6.8,613,30,7,10
Ipswich,Brentford,false,9,11,5,8,1.4,1.4,3,3,8,0.7,3,4.0,4,0.0,0,2.1,2.1,23.9,36,12.1,456,20,6,4
Manchester United,West Ham,false,9,18,5,10,2.1,2.1,1,1,14,1.8,1,2.9,2,0.0,0,3.9,3.9,35.9,30,−5.9,701,32,15,6
Nottingham Forest,Leicester,false,9,20,5,12,1.8,1.8,3,3,10,0.8,1,0.6,1,0.3,0,2.6,2.6,48.9,47,−1.9,460,30,14,11
Everton,Fulham,true,9,10,5,8,0.8,0.8,1,1,9,0.7,1,1.2,1,0.2,0,1.5,1.5,34.6,35,0.4,530,17,10,1
Newcastle United,Chelsea,false,9,11,2,9,1.7,1.7,1,1,9,1.7,1,1.7,2,0.1,0,3.4,3.4,46.1,27,−19.1,563,25,6,2
Fulham,Everton,false,9,14,3,7,1.2,1.2,1,1,12,1.2,1,0.8,1,0.3,0,2.4,2.4,51.7,43,−8.7,742,22,13,3
Crystal Palace,Wolverhampton Wanderers,false,10,19,6,17,2.6,2.6,2,2,12,2.1,1,1.6,2,0.1,0,4.7,4.7,52.1,33,−19.1,546,28,8,4
Ipswich,Leicester,true,10,14,2,8,1.0,1.0,1,1,9,0.8,1,1.4,1,0.0,0,1.8,1.8,31.9,37,5.1,487,24,6,7
Manchester United,Chelsea,true,10,11,4,8,2.0,1.2,1,0,7,0.7,0,1.0,1,0.2,0,2.7,1.9,40.3,31,−9.3,554,19,9,5
Chelsea,Manchester United,false,10,12,3,8,1.0,1.0,1,1,8,0.8,0,2.0,1,0.0,0,1.8,1.8,29.2,31,1.8,616,28,13,7
Brentford,Fulham,false,10,5,2,3,0.6,0.6,1,1,4,0.5,1,1.5,2,0.2,0,1.1,1.1,41.8,36,−5.8,467,9,5,3
Aston Villa,Tottenham,false,10,12,1,7,1.9,1.9,1,1,11,1.1,0,2.4,4,0.1,0,3.0,3.0,37.8,24,−13.8,525,15,11,3
Bournemouth,Manchester City,true,10,12,6,9,2.3,2.3,2,2,10,1.2,2,1.5,1,0.0,0,3.5,3.5,46.1,48,1.9,480,22,12,8
Arsenal,Newcastle United,false,10,10,0,7,1.0,1.0,0,0,9,1.0,0,0.5,1,0.4,0,2.0,2.0,46.3,24,−22.3,659,29,17,5
Leicester,Ipswich,false,10,20,5,15,1.4,1.4,1,1,14,1.2,1,1.0,1,0.2,0,2.6,2.6,42.6,33,−9.6,596,40,12,12
Liverpool,Brighton,true,10,16,8,14,1.5,1.5,2,2,12,1.2,2,0.9,1,0.3,0,2.7,2.7,49.1,47,−2.1,602,28,7,6
Manchester City,Bournemouth,false,10,19,4,14,1.5,1.5,1,1,14,0.8,1,2.3,2,0.0,0,2.3,2.3,31.1,28,−3.1,748,44,14,12
Brighton,Liverpool,false,10,13,5,7,0.9,0.9,1,1,10,0.8,1,1.5,2,0.1,0,1.7,1.7,39.2,31,−8.2,635,23,12,8
Southampton,Everton,true,10,9,2,8,0.7,0.7,1,1,8,0.7,1,1.5,0,0.1,1,1.4,1.4,29.6,57,27.4,736,21,17,5
West Ham,Nottingham Forest,false,10,4,1,2,0.1,0.1,0,0,2,0.0,0,2.3,3,0.1,0,0.1,0.1,14.9,12,−2.9,529,9,11,2
Tottenham,Aston Villa,true,10,16,6,8,2.4,2.4,4,4,10,2.2,3,1.9,1,0.0,0,4.6,4.6,44.3,57,12.7,560,22,14,2
Newcastle United,Arsenal,true,10,9,4,7,0.5,0.5,1,1,7,0.4,1,1.0,0,0.3,1,0.9,0.9,33.0,59,26.0,425,16,6,5
Fulham,Brentford,true,10,26,12,16,1.5,1.5,2,2,19,0.8,2,0.6,1,0.4,0,2.3,2.3,47.8,45,−2.8,803,41,23,12
Nottingham Forest,West Ham,true,10,19,6,9,2.3,2.3,3,3,14,1.5,2,0.1,0,0.9,1,3.8,3.8,69.5,78,8.5,606,31,12,9
Everton,Southampton,false,10,16,5,10,1.5,1.5,0,0,9,1.3,0,0.7,1,0.6,0,2.8,2.8,53.4,23,−30.4,437,24,17,5
Wolverhampton Wanderers,Crystal Palace,true,10,11,6,7,1.6,1.6,2,2,9,1.5,2,2.6,2,0.0,0,3.1,3.1,33.2,41,7.8,654,20,7,1
Wolverhampton Wanderers,Southampton,true,11,8,4,4,1.2,1.2,2,2,5,1.1,2,0.6,0,0.4,1,2.3,2.3,49.7,71,21.3,409,17,5,4
Southampton,Wolverhampton Wanderers,false,11,9,0,5,0.6,0.6,0,0,5,0.5,0,1.2,2,0.3,0,1.1,1.1,30.2,15,−15.2,810,18,12,1
West Ham,Everton,true,11,11,6,7,0.7,0.7,0,0,9,0.7,0,1.2,0,0.4,1,1.4,1.4,43.4,53,9.6,629,19,11,5
Newcastle United,Nottingham Forest,false,11,17,6,12,1.7,1.7,3,3,13,1.3,2,0.6,1,0.2,0,3.0,3.0,46.8,53,6.2,666,30,17,6
Tottenham,Ipswich,true,11,17,5,11,1.6,1.6,1,1,13,1.2,1,1.6,2,0.0,0,2.8,2.8,38.4,28,−10.4,714,35,22,7
Everton,West Ham,false,11,18,4,11,1.2,1.2,0,0,13,1.0,0,0.7,0,0.3,1,2.2,2.2,43.0,53,10.0,633,25,9,3
Fulham,Crystal Palace,false,11,17,7,11,1.7,1.7,2,2,16,1.8,2,1.5,0,0.1,1,3.5,3.5,44.1,74,29.9,784,32,20,11
Nottingham Forest,Newcastle United,true,11,9,3,7,0.6,0.6,1,1,8,0.6,1,1.7,3,0.1,0,1.2,1.2,33.0,29,−4.0,537,17,9,3
Crystal Palace,Fulham,true,11,13,4,8,1.5,1.5,0,0,9,1.0,0,1.7,2,0.1,0,2.5,2.5,40.3,17,−23.3,517,16,9,2
Ipswich,Tottenham,false,11,8,3,6,1.6,1.6,2,2,5,0.5,1,1.6,1,0.1,0,2.1,2.1,36.0,38,2.0,446,23,9,3
Manchester United,Leicester,true,11,13,3,7,0.8,0.8,3,3,12,0.7,2,0.5,0,0.6,1,1.5,1.5,48.5,71,22.5,659,16,17,7
Chelsea,Arsenal,true,11,17,3,5,1.7,1.7,1,1,13,1.4,1,1.4,1,0.1,0,3.1,3.1,42.9,33,−9.9,544,21,14,5
Arsenal,Chelsea,false,11,13,3,8,1.4,1.4,1,1,10,1.2,1,1.7,1,0.2,0,2.6,2.6,40.1,34,−6.1,565,18,13,3
Leicester,Manchester United,false,11,6,5,4,0.5,0.5,0,0,5,0.5,0,0.8,3,0.2,0,1.0,1.0,34.9,17,−17.9,633,10,16,1
Brentford,Bournemouth,true,11,12,6,10,1.5,1.5,3,3,9,1.4,2,2.6,2,0.0,0,2.9,2.9,32.7,43,10.3,579,28,11,2
Brighton,Manchester City,true,11,10,4,8,2.2,2.2,2,2,7,1.9,1,2.3,1,0.0,0,4.1,4.1,34.1,40,5.9,568,19,9,3
Bournemouth,Brentford,false,11,15,3,11,2.6,2.6,2,2,11,1.5,1,1.5,3,0.2,0,4.1,4.1,50.5,33,−17.5,564,31,10,8
Liverpool,Aston Villa,true,11,14,5,9,2.0,2.0,2,2,12,1.3,1,1.5,0,0.1,1,3.3,3.3,47.5,69,21.5,747,29,18,6
Aston Villa,Liverpool,false,11,12,2,10,1.5,1.5,0,0,9,0.9,0,2.0,2,0.0,0,2.4,2.4,31.8,20,−11.8,482,27,10,8
Manchester City,Brighton,false,11,15,6,12,2.3,2.3,1,1,13,1.9,0,2.2,2,0.0,0,4.2,4.2,38.5,23,−15.5,773,26,15,10
Manchester United,Ipswich,false,12,11,4,8,0.8,0.8,1,1,10,0.8,1,1.8,1,0.1,0,1.6,1.6,34.7,38,3.3,775,15,8,7
Chelsea,Leicester,false,12,16,6,11,3.0,3.0,2,2,11,1.2,1,1.1,1,0.2,0,4.2,4.2,51.0,46,−5.0,755,36,19,9
Ipswich,Manchester United,true,12,11,6,5,1.8,1.8,1,1,7,0.9,1,0.8,1,0.2,0,2.7,2.7,48.2,37,−11.2,548,11,5,0
Fulham,Wolverhampton Wanderers,true,12,10,3,6,0.9,0.9,1,1,8,0.9,1,1.3,4,0.2,0,1.8,1.8,36.1,20,−16.1,706,23,15,3
Crystal Palace,Aston Villa,false,12,13,6,10,1.2,1.2,2,2,8,1.0,2,3.2,2,0.0,0,2.2,2.2,28.3,44,15.7,423,17,7,3
Nottingham Forest,Arsenal,false,12,7,0,5,0.2,0.2,0,0,5,0.2,0,1.2,3,0.1,0,0.4,0.4,29.1,19,−10.1,422,13,13,5
Bournemouth,Brighton,true,12,18,5,13,1.5,1.5,1,1,15,1.6,1,0.9,2,0.2,0,3.1,3.1,42.4,29,−13.4,646,36,17,9
Tottenham,Manchester City,false,12,9,7,7,2.4,2.4,4,4,9,2.4,4,2.1,0,0.1,1,4.8,4.8,46.6,89,42.4,550,15,10,6
Newcastle United,West Ham,true,12,18,2,14,1.7,1.7,0,0,12,1.0,0,0.8,2,0.4,0,2.7,2.7,50.7,20,−30.7,672,31,21,5
Everton,Brentford,true,12,27,5,16,1.3,1.3,0,0,22,1.0,0,1.1,0,0.2,1,2.3,2.3,38.1,52,13.9,648,36,29,7
Southampton,Liverpool,true,12,7,5,5,1.1,0.2,2,2,5,0.2,1,3.0,3,0.0,0,1.3,0.4,25.4,30,4.6,526,17,6,3
Wolverhampton Wanderers,Fulham,false,12,10,5,7,1.3,1.3,4,4,9,1.2,4,0.9,1,0.4,0,2.5,2.5,48.3,63,14.7,561,23,10,6
Arsenal,Nottingham Forest,true,12,19,6,14,1.2,1.2,3,3,18,1.1,3,0.2,0,0.7,1,2.3,2.3,54.1,77,22.9,730,48,17,6
West Ham,Newcastle United,false,12,15,6,7,0.8,0.8,2,2,8,0.7,2,1.7,0,0.2,1,1.5,1.5,35.6,70,34.4,646,15,11,3
Leicester,Chelsea,true,12,4,1,4,1.1,0.3,1,0,3,0.3,0,3.0,2,0.0,0,1.4,0.6,26.7,28,1.3,500,8,5,2
Brighton,Bournemouth,false,12,6,4,5,0.9,0.9,2,2,5,0.7,1,1.5,1,0.1,0,1.6,1.6,34.9,43,8.1,565,14,12,3
Manchester City,Tottenham,true,12,23,5,18,2.1,2.1,0,0,22,2.1,0,2.4,4,0.0,0,4.2,4.2,34.5,10,−24.5,716,38,30,10
Aston Villa,Crystal Palace,true,12,17,5,15,3.2,2.4,2,2,12,1.9,2,1.2,2,0.1,0,5.1,4.3,53.6,35,−18.6,755,41,18,13
Brentford,Everton,false,12,9,2,5,1.1,1.1,0,0,8,0.9,0,1.3,0,0.2,1,2.0,2.0,38.2,45,6.8,490,13,1,4
Liverpool,Southampton,false,12,27,11,18,3.0,2.2,3,2,17,1.5,1,1.1,2,0.0,0,4.5,3.7,47.6,45,−2.6,738,50,19,9
Fulham,Tottenham,false,13,14,6,12,1.6,1.6,1,1,9,0.9,1,0.8,1,0.3,0,2.5,2.5,46.9,32,−14.9,605,35,14,10
Southampton,Brighton,false,13,10,2,8,0.9,0.9,1,1,7,0.8,0,1.7,1,0.1,0,1.7,1.7,32.6,33,0.4,560,18,5,5
Everton,Manchester United,false,13,8,2,4,0.7,0.7,0,0,5,0.4,0,0.9,4,0.1,0,1.1,1.1,31.2,14,−17.2,525,12,12,4
Bournemouth,Wolverhampton Wanderers,false,13,12,8,10,3.3,0.9,4,1,8,0.8,1,0.4,2,0.4,0,4.1,1.7,58.6,57,−1.6,510,16,11,4
Liverpool,Manchester City,true,13,18,7,11,3.5,2.7,2,1,14,2.1,1,0.8,0,0.4,1,5.6,4.8,65.9,73,7.1,571,26,10,11
Aston Villa,Chelsea,false,13,10,3,8,1.2,1.2,0,0,8,1.1,0,1.7,3,0.1,0,2.3,2.3,37.5,20,−17.5,460,19,4,4
Manchester City,Liverpool,false,13,8,2,7,0.8,0.8,0,0,6,0.3,0,3.5,2,0.0,0,1.1,1.1,20.8,16,−4.8,686,27,12,12
Brentford,Leicester,true,13,13,6,10,2.3,2.3,4,4,10,2.0,3,1.1,1,0.3,0,4.3,4.3,52.0,58,6.0,741,28,16,6
Leicester,Brentford,false,13,7,3,3,1.1,1.1,1,1,4,1.0,1,2.3,4,0.1,0,2.1,2.1,32.1,22,−10.1,528,15,14,2
Brighton,Southampton,true,13,22,5,15,1.7,1.7,1,1,16,1.1,1,0.9,1,0.3,0,2.8,2.8,50.6,38,−12.6,620,45,21,6
Nottingham Forest,Ipswich,true,13,12,5,8,1.6,0.8,1,0,9,0.7,0,0.5,0,0.6,1,2.3,1.5,56.9,64,7.1,468,25,11,3
Crystal Palace,Newcastle United,true,13,16,3,12,1.8,1.8,1,1,13,1.5,1,0.0,1,1.0,0,3.3,3.3,69.8,33,−36.8,563,21,11,4
Tottenham,Fulham,true,13,8,3,4,0.8,0.8,1,1,5,0.5,1,1.6,1,0.2,0,1.3,1.3,36.7,40,3.3,641,15,19,5
Ipswich,Nottingham Forest,false,13,7,2,5,0.5,0.5,0,0,7,0.6,0,1.6,1,0.1,0,1.1,1.1,31.5,25,−6.5,531,17,13,5
Chelsea,Aston Villa,true,13,17,8,12,1.7,1.7,3,3,10,0.7,2,1.2,0,0.4,1,2.4,2.4,46.1,72,25.9,737,28,17,8
Manchester United,Everton,true,13,11,5,9,0.9,0.9,4,4,8,1.0,4,0.7,0,0.4,1,1.9,1.9,43.5,76,32.5,740,19,14,5
Newcastle United,Crystal Palace,false,13,1,0,1,0.0,0.0,1,1,1,0.0,0,1.8,1,0.1,0,0.0,0.0,23.3,29,5.7,575,11,10,2
West Ham,Arsenal,true,13,12,5,8,1.5,1.5,2,2,6,0.5,1,3.6,5,0.0,0,2.0,2.0,26.0,30,4.0,459,15,7,4
Arsenal,West Ham,false,13,16,7,13,3.6,2.0,5,3,12,2.0,3,1.5,2,0.2,0,5.6,4.0,58.7,66,7.3,613,30,18,11
Wolverhampton Wanderers,Bournemouth,true,13,10,3,5,0.4,0.4,2,2,6,0.3,2,3.3,4,0.0,0,0.7,0.7,19.8,30,10.2,706,17,20,5
Manchester United,Arsenal,false,14,5,2,3,0.3,0.3,0,0,3,0.2,0,2.6,2,0.0,0,0.5,0.5,19.4,17,−2.4,587,6,12,1
Ipswich,Crystal Palace,true,14,9,2,5,0.5,0.5,0,0,7,0.5,0,1.5,1,0.1,0,1.0,1.0,31.4,24,−7.3,666,12,9,1
Crystal Palace,Ipswich,false,14,13,3,9,1.5,1.5,1,1,9,1.2,1,0.5,0,0.6,1,2.7,2.7,54.3,61,6.7,563,23,6,6
Chelsea,Southampton,false,14,26,11,22,5.3,5.3,5,5,17,3.6,5,1.5,1,0.1,0,8.9,8.9,72.1,73,0.9,643,44,13,13
Wolverhampton Wanderers,Everton,false,14,6,2,2,0.7,0.7,0,0,5,0.8,0,1.1,4,0.2,0,1.5,1.5,39.0,11,−28.0,611,15,11,7
Everton,Wolverhampton Wanderers,true,14,13,4,8,1.1,1.1,4,4,7,0.3,0,0.7,0,0.3,1,1.4,1.4,39.5,77,37.5,536,15,9,5
West Ham,Leicester,false,14,31,8,24,3.1,3.1,1,1,24,2.6,1,1.6,3,0.0,0,5.7,5.7,52.8,28,−24.8,771,53,10,6
Arsenal,Manchester United,true,14,14,6,13,2.6,2.6,2,2,10,1.9,2,0.3,0,0.8,1,4.5,4.5,68.5,73,4.5,582,33,11,7
Newcastle United,Liverpool,true,14,17,6,9,2.0,2.0,3,3,13,1.6,3,2.1,3,0.1,0,3.6,3.6,38.6,46,7.3,510,19,12,8
Tottenham,Bournemouth,false,14,12,4,7,0.8,0.8,0,0,9,0.7,0,3.8,1,0.0,0,1.5,1.5,27.4,25,−2.4,679,25,25,6
Aston Villa,Brentford,true,14,20,10,16,2.2,1.5,3,2,15,1.2,1,1.1,1,0.3,0,3.4,2.7,50.8,47,−3.8,534,40,6,10
Brentford,Aston Villa,false,14,9,1,7,1.1,1.1,1,1,7,0.7,0,2.2,3,0.0,0,1.8,1.8,29.7,32,2.3,545,21,16,2
Liverpool,Newcastle United,false,14,16,5,14,2.1,2.1,3,3,10,1.2,3,2.0,3,0.2,0,3.3,3.3,37.9,43,5.1,677,31,18,8
Brighton,Fulham,false,14,13,3,8,1.5,1.5,1,1,6,0.9,1,1.1,3,0.5,0,2.4,2.4,50.0,28,−22.0,665,20,15,7
Leicester,West Ham,true,14,8,6,8,1.6,1.6,3,3,7,1.4,3,3.1,1,0.0,0,3.0,3.0,34.1,55,20.9,543,19,8,9
Manchester City,Nottingham Forest,true,14,17,6,12,2.5,2.5,3,3,14,2.2,3,1.0,0,0.4,1,4.7,4.7,59.5,76,16.5,679,38,24,15
Southampton,Chelsea,true,14,6,4,6,1.5,1.5,1,1,5,1.2,1,5.3,5,0.0,0,2.7,2.7,24.0,20,−4.0,549,19,10,4
Bournemouth,Tottenham,true,14,21,8,17,3.8,3.8,1,1,18,2.3,1,0.8,0,0.5,1,6.1,6.1,70.5,66,−4.5,436,28,8,8
Nottingham Forest,Manchester City,false,14,12,3,9,1.0,1.0,0,0,9,0.5,0,2.5,3,0.0,0,1.5,1.5,25.6,18,−7.6,411,16,12,3
Fulham,Brighton,true,14,6,2,6,1.1,1.1,3,3,4,0.4,1,1.5,1,0.3,0,1.5,1.5,41.8,45,3.2,531,16,2,4
Ipswich,Bournemouth,true,15,18,5,11,1.4,1.4,1,1,14,1.3,1,3.4,2,0.0,0,2.7,2.7,30.5,29,−1.5,516,28,7,7
Manchester United,Nottingham Forest,true,15,17,7,10,1.6,1.6,2,2,12,0.8,1,0.7,3,0.5,0,2.4,2.4,54.1,40,−14.1,732,29,20,11
Chelsea,Tottenham,false,15,17,8,12,2.7,1.2,4,2,13,1.0,1,2.6,3,0.0,0,3.7,2.2,38.7,54,15.3,646,44,15,11
Aston Villa,Southampton,true,15,18,4,13,2.2,2.2,1,1,14,1.9,0,0.4,0,0.7,1,4.1,4.1,55.4,50,−5.4,562,40,10,8
Brentford,Newcastle United,true,15,11,7,8,1.3,1.3,4,4,8,0.9,3,1.6,2,0.1,0,2.2,2.2,37.1,52,14.9,542,25,14,12
Manchester City,Crystal Palace,false,15,12,4,9,1.5,1.5,2,2,10,1.2,2,1.3,2,0.2,0,2.7,2.7,39.5,35,−4.5,854,34,27,7
Fulham,Arsenal,true,15,2,2,2,0.1,0.1,1,1,2,0.1,1,2.0,1,0.0,0,0.2,0.2,16.9,33,16.1,415,3,9,2
Crystal Palace,Manchester City,true,15,12,3,7,1.3,1.3,2,2,7,1.0,2,1.5,2,0.2,0,2.3,2.3,41.5,38,−3.5,471,14,14,2
Tottenham,Chelsea,true,15,13,5,11,2.6,2.6,3,3,11,2.5,3,2.7,4,0.0,0,5.1,5.1,43.2,39,−4.2,447,25,4,6
Southampton,Aston Villa,false,15,4,0,4,0.4,0.4,0,0,3,0.3,0,2.2,1,0.0,0,0.7,0.7,21.7,23,1.3,635,23,16,7
Nottingham Forest,Manchester United,false,15,11,3,7,0.7,0.7,3,3,9,0.7,3,1.6,2,0.1,0,1.4,1.4,34.0,49,15.0,371,16,6,4
Newcastle United,Brentford,false,15,16,3,10,1.6,1.6,2,2,12,1.1,2,1.3,4,0.1,0,2.7,2.7,42.7,34,−8.7,666,37,24,11
Bournemouth,Ipswich,false,15,22,6,14,3.4,3.4,2,2,16,2.5,1,1.4,1,0.1,0,5.9,5.9,60.3,48,−12.3,632,36,21,13
West Ham,Wolverhampton Wanderers,true,15,19,4,15,1.0,1.0,2,2,13,0.7,2,1.4,1,0.2,0,1.7,1.7,36.3,47,10.7,586,36,11,8
Arsenal,Fulham,false,15,12,4,10,2.0,2.0,1,1,10,2.0,1,0.1,1,0.9,0,4.0,4.0,63.9,34,−29.9,737,32,13,6
Wolverhampton Wanderers,West Ham,false,15,19,5,12,1.4,1.4,1,1,15,1.1,1,1.0,2,0.3,0,2.5,2.5,45.1,25,−20.1,513,23,14,3
Brighton,Leicester,false,15,16,7,8,1.6,1.6,2,2,12,0.8,1,1.2,2,0.2,0,2.4,2.4,37.7,39,1.3,560,21,9,5
Leicester,Brighton,true,15,10,3,7,1.2,1.2,2,2,7,1.0,1,1.6,2,0.3,0,2.2,2.2,47.9,41,−6.9,635,18,5,3
Leicester,Newcastle United,false,16,4,1,2,0.3,0.3,0,0,3,0.3,0,3.7,4,0.0,0,0.6,0.6,20.3,13,−7.3,576,10,10,2
Southampton,Tottenham,true,16,9,3,5,0.7,0.7,0,0,6,0.6,0,2.7,5,0.0,0,1.3,1.3,25.0,14,−11.0,531,15,10,3
Crystal Palace,Brighton,false,16,13,5,11,2.3,2.3,3,3,12,2.2,3,1.0,1,0.2,0,4.5,4.5,52.3,56,3.7,468,23,6,4
Chelsea,Brentford,true,16,26,8,20,2.1,2.1,2,2,19,1.7,2,1.6,1,0.1,0,3.8,3.8,42.8,42,−0.8,697,48,15,14
Ipswich,Wolverhampton Wanderers,false,16,10,3,7,1.1,1.1,2,2,8,0.9,1,1.3,1,0.3,0,2.0,2.0,42.0,38,−4.0,574,27,12,9
Manchester United,Manchester City,false,16,10,3,7,2.0,1.3,2,1,8,1.2,1,1.0,1,0.5,0,3.2,2.5,59.9,48,−11.9,617,19,11,4
Newcastle United,Leicester,true,16,27,11,20,3.7,3.7,4,4,22,2.7,3,0.3,0,0.8,1,6.4,6.4,76.1,86,9.9,788,50,14,11
Arsenal,Everton,true,16,13,5,11,1.1,1.1,0,0,13,1.3,0,0.1,0,0.9,1,2.4,2.4,61.3,52,−9.3,847,46,18,6
West Ham,Bournemouth,false,16,16,3,14,1.9,1.1,1,0,14,1.2,0,1.9,1,0.1,0,3.1,2.3,44.9,38,−6.9,579,24,13,6
Wolverhampton Wanderers,Ipswich,true,16,16,6,11,1.3,1.3,1,1,11,1.1,1,1.1,2,0.1,0,2.4,2.4,33.8,24,−9.8,662,24,13,3
Everton,Arsenal,false,16,2,0,1,0.1,0.1,0,0,1,0.1,0,1.1,0,0.2,1,0.2,0.2,28.3,49,20.7,354,8,7,1
Tottenham,Southampton,false,16,18,9,16,2.7,2.7,5,5,13,2.0,3,0.7,0,0.2,1,4.7,4.7,53.3,88,34.7,722,25,18,5
Bournemouth,West Ham,true,16,29,9,16,1.9,1.9,1,1,19,1.2,0,1.9,1,0.1,0,3.1,3.1,42.9,40,−2.9,622,39,13,5
Fulham,Liverpool,false,16,12,3,7,1.2,1.2,2,2,10,1.2,2,2.0,2,0.1,0,2.4,2.4,31.0,34,3.0,481,17,12,6
Aston Villa,Nottingham Forest,false,16,8,2,7,0.3,0.3,1,1,7,0.3,1,1.8,2,0.1,0,0.6,0.6,29.9,30,0.1,595,30,17,4
Liverpool,Fulham,true,16,16,4,16,2.0,2.0,2,2,12,1.8,2,1.2,2,0.2,0,3.8,3.8,41.3,34,−7.3,678,32,11,6
Brentford,Chelsea,false,16,9,4,7,1.6,1.6,1,1,7,1.5,1,2.1,2,0.0,0,3.1,3.1,38.7,33,−5.7,481,17,3,1
Nottingham Forest,Aston Villa,true,16,17,6,12,1.8,1.8,2,2,13,1.5,2,0.3,1,0.7,0,3.3,3.3,62.8,49,−13.8,620,25,14,7
Brighton,Crystal Palace,true,16,17,5,9,1.0,1.0,1,1,13,0.8,0,2.3,3,0.0,0,1.8,1.8,28.9,20,−8.9,715,32,17,7
Manchester City,Manchester United,true,16,10,3,5,1.0,1.0,1,1,5,0.8,0,2.0,2,0.0,0,1.8,1.8,32.8,31,−1.8,625,15,14,5
Tottenham,Liverpool,true,17,9,5,6,1.2,1.2,3,3,7,1.1,2,5.3,6,0.0,0,2.3,2.3,24.8,32,7.2,691,25,8,6
Newcastle United,Ipswich,false,17,15,7,13,2.3,2.3,4,4,13,2.2,3,0.7,0,0.3,1,4.5,4.5,57.0,85,28.0,739,34,7,6
Fulham,Southampton,true,17,16,5,9,1.0,1.0,0,0,13,0.8,0,0.2,0,0.7,1,1.8,1.8,57.8,51,−6.8,691,31,20,8
Chelsea,Everton,false,17,12,4,6,1.3,1.3,0,0,6,0.7,0,1.0,0,0.2,1,2.0,2.0,40.6,54,13.4,783,20,11,5
Bournemouth,Manchester United,false,17,10,5,6,1.9,1.2,3,2,8,1.0,2,2.4,0,0.1,1,2.9,2.2,39.8,74,34.2,505,14,15,2
Southampton,Fulham,false,17,5,1,3,0.2,0.2,0,0,2,0.0,0,1.0,0,0.2,1,0.2,0.2,29.3,57,27.7,566,13,9,3
Wolverhampton Wanderers,Leicester,false,17,8,4,6,1.1,1.1,3,3,7,1.1,3,0.8,0,0.4,1,2.2,2.2,50.6,81,30.4,595,10,8,0
Arsenal,Crystal Palace,false,17,14,6,13,3.1,3.1,5,5,11,2.1,4,1.6,1,0.1,0,5.2,5.2,50.4,68,17.6,710,31,12,5
Everton,Chelsea,true,17,5,4,2,1.0,1.0,0,0,2,0.7,0,1.3,0,0.1,1,1.7,1.7,34.6,48,13.4,345,7,5,1
West Ham,Brighton,true,17,11,4,8,1.3,1.3,1,1,5,0.6,0,1.0,1,0.2,0,1.9,1.9,40.5,35,−5.5,543,25,5,4
Ipswich,Newcastle United,true,17,10,2,8,0.7,0.7,0,0,9,0.4,0,2.3,4,0.0,0,1.1,1.1,24.9,15,−9.9,540,19,15,8
Manchester City,Aston Villa,false,17,12,6,7,1.0,1.0,1,1,11,0.6,0,1.6,2,0.1,0,1.6,1.6,31.9,25,−6.9,651,20,18,9
Liverpool,Tottenham,false,17,24,11,18,5.3,5.3,6,6,16,3.0,4,1.2,3,0.2,0,8.3,8.3,70.8,73,2.2,668,46,17,9
Aston Villa,Manchester City,true,17,11,6,10,1.6,1.6,2,2,9,1.2,2,1.0,1,0.3,0,2.8,2.8,44.6,42,−2.6,533,16,7,2
Crystal Palace,Arsenal,true,17,15,6,10,1.6,1.6,1,1,12,1.2,1,3.1,5,0.0,0,2.8,2.8,33.2,21,−12.2,528,18,13,2
Manchester United,Bournemouth,true,17,23,7,13,2.4,2.4,0,0,18,1.8,0,1.9,3,0.1,0,4.2,4.2,41.7,15,−26.7,648,41,10,5
Brighton,West Ham,false,17,12,6,10,1.0,1.0,1,1,9,0.7,0,1.3,1,0.2,0,1.7,1.7,40.0,36,−4.0,610,52,16,14
Leicester,Wolverhampton Wanderers,true,17,9,4,7,0.8,0.8,0,0,8,0.5,0,1.1,3,0.3,0,1.3,1.3,31.6,16,−15.6,672,17,11,2
Brentford,Nottingham Forest,true,17,7,3,7,0.8,0.8,0,0,4,0.5,0,0.8,2,0.3,0,1.3,1.3,38.2,20,−18.2,688,36,21,10
Nottingham Forest,Brentford,false,17,10,6,7,0.8,0.8,2,2,8,0.7,1,0.8,0,0.4,1,1.5,1.5,46.6,72,25.4,487,16,7,6
Arsenal,Ipswich,true,18,13,5,9,1.9,1.9,1,1,12,1.9,1,0.1,0,0.9,1,3.8,3.8,62.8,57,−5.8,805,40,23,8
Wolverhampton Wanderers,Manchester United,true,18,7,4,3,0.8,0.8,2,2,4,0.7,1,0.3,0,0.7,1,1.5,1.5,56.8,72,15.2,636,13,16,6
Everton,Manchester City,false,18,8,3,5,0.6,0.6,1,1,6,0.3,0,2.2,1,0.0,0,0.9,0.9,21.3,35,13.7,470,14,7,4
Southampton,West Ham,true,18,18,5,16,1.8,1.8,0,0,17,1.9,0,1.7,1,0.1,0,3.7,3.7,46.3,27,−19.3,621,30,10,8
Manchester City,Everton,true,18,24,5,16,2.2,1.2,1,1,16,0.9,1,0.6,1,0.5,0,3.1,2.1,55.3,34,−21.3,776,45,34,9
Leicester,Liverpool,false,18,4,1,2,0.2,0.2,1,1,3,0.2,1,1.9,3,0.1,0,0.4,0.4,29.1,29,−0.1,445,4,5,0
Aston Villa,Newcastle United,false,18,4,1,2,0.3,0.3,0,0,1,0.2,0,2.6,3,0.0,0,0.5,0.5,20.9,17,−3.9,424,9,6,0
Ipswich,Arsenal,false,18,3,0,0,0.1,0.1,0,0,2,0.1,0,1.9,1,0.1,0,0.2,0.2,29.4,27,−2.4,439,4,8,1
Brighton,Brentford,true,18,24,7,15,1.5,1.5,0,0,15,0.8,0,1.0,0,0.3,1,2.3,2.3,50.0,60,10.0,654,43,18,8
Nottingham Forest,Tottenham,true,18,10,3,7,1.3,1.3,1,1,5,0.9,1,1.1,0,0.3,1,2.2,2.2,45.6,65,19.4,407,16,7,3
Brentford,Brighton,false,18,8,3,7,1.0,1.0,0,0,7,1.0,0,1.5,0,0.2,1,2.0,2.0,38.1,42,3.9,516,18,10,9
Liverpool,Leicester,true,18,19,7,14,1.9,1.9,3,3,16,1.8,3,0.2,1,0.8,0,3.7,3.7,63.5,53,−10.5,816,57,20,8
Manchester United,Wolverhampton Wanderers,false,18,11,4,5,0.3,0.3,0,0,10,0.3,0,0.8,2,0.3,0,0.6,0.6,31.5,16,−15.5,621,19,11,3
Newcastle United,Aston Villa,true,18,22,7,16,2.6,2.6,3,3,14,1.6,2,0.3,0,0.8,1,4.2,4.2,67.7,77,9.3,664,43,19,7
Fulham,Chelsea,false,18,14,7,10,1.3,1.3,2,2,12,1.3,2,0.9,1,0.2,0,2.6,2.6,45.0,43,−2.0,692,25,13,7
Crystal Palace,Bournemouth,false,18,10,4,6,0.5,0.5,0,0,9,0.4,0,1.4,0,0.3,1,0.9,0.9,34.5,53,18.5,611,17,14,1
Bournemouth,Crystal Palace,true,18,18,3,15,1.4,1.4,0,0,15,1.3,0,0.5,0,0.6,1,2.7,2.7,56.5,54,−2.5,642,31,14,4
Tottenham,Nottingham Forest,false,18,13,4,7,1.1,1.1,0,0,11,1.1,0,1.3,1,0.2,0,2.2,2.2,36.9,22,−14.9,748,29,23,9
West Ham,Southampton,false,18,16,2,11,1.7,1.7,1,1,12,1.0,1,1.8,0,0.1,1,2.7,2.7,39.8,59,19.2,529,23,9,6
Chelsea,Fulham,true,18,12,8,7,0.9,0.9,1,1,9,0.8,1,1.3,2,0.1,0,1.7,1.7,33.5,29,−4.5,626,20,18,5
Wolverhampton Wanderers,Tottenham,false,19,11,3,4,0.6,0.6,2,2,8,0.5,2,2.0,2,0.0,0,1.1,1.1,23.5,41,17.5,605,20,14,3
Arsenal,Brentford,false,19,14,4,11,2.0,2.0,3,3,10,0.8,0,0.4,1,0.8,0,2.8,2.8,61.4,51,−10.4,601,43,14,5
Everton,Nottingham Forest,true,19,13,2,9,0.7,0.7,0,0,11,0.5,0,1.5,2,0.1,0,1.2,1.2,28.4,17,−11.4,667,27,12,2
Tottenham,Wolverhampton Wanderers,true,19,13,3,10,2.0,1.2,2,2,11,1.2,2,0.6,2,0.5,0,3.2,2.4,52.4,37,−15.4,570,29,12,10
Bournemouth,Fulham,false,19,16,8,12,1.8,1.8,2,2,12,1.4,2,1.0,2,0.4,0,3.2,3.2,51.4,36,−15.4,616,28,17,3
Southampton,Crystal Palace,false,19,7,3,7,1.2,1.2,1,1,6,1.2,1,2.2,2,0.0,0,2.4,2.4,32.0,28,−4.0,594,16,9,3
Chelsea,Ipswich,false,19,20,4,14,1.8,1.8,0,0,17,1.2,0,1.7,2,0.1,0,3.0,3.0,40.3,17,−23.3,869,36,24,7
West Ham,Liverpool,true,19,7,0,5,0.4,0.4,0,0,6,0.2,0,3.1,5,0.0,0,0.6,0.6,24.2,14,−10.2,610,16,11,8
Aston Villa,Brighton,true,19,20,4,12,1.7,0.9,2,1,15,0.7,1,1.1,2,0.4,0,2.4,1.6,50.3,42,−8.3,626,44,16,11
Brighton,Aston Villa,false,19,13,4,7,1.1,1.1,2,2,10,0.9,2,1.7,2,0.1,0,2.0,2.0,31.8,35,3.2,495,23,13,8
Manchester City,Leicester,false,19,14,5,8,1.3,1.3,2,2,10,0.9,1,1.2,0,0.1,1,2.2,2.2,36.3,70,33.7,623,24,14,3
Leicester,Manchester City,true,19,11,3,10,1.2,1.2,0,0,7,1.0,0,1.3,2,0.2,0,2.2,2.2,41.7,21,−20.7,697,26,13,5
Nottingham Forest,Everton,false,19,11,7,7,1.5,1.5,2,2,7,1.0,2,0.7,0,0.5,1,2.5,2.5,55.4,75,19.6,455,12,11,1
Liverpool,West Ham,false,19,22,13,17,3.1,3.1,5,5,19,2.9,4,0.4,0,0.5,1,6.0,6.0,65.0,87,22.0,681,41,15,10
Newcastle United,Manchester United,false,19,12,4,7,1.9,1.9,2,2,10,1.3,1,1.0,0,0.3,1,3.2,3.2,48.6,66,17.4,649,18,7,4
Fulham,Bournemouth,true,19,11,6,8,1.0,1.0,2,2,9,0.9,2,1.8,2,0.1,0,1.9,1.9,40.3,41,0.7,659,20,11,2
Crystal Palace,Southampton,true,19,19,9,12,2.2,2.2,2,2,10,1.7,1,1.2,1,0.1,0,3.9,3.9,44.4,42,−2.4,547,25,5,5
Manchester United,Newcastle United,true,19,10,0,7,1.0,1.0,0,0,8,0.8,0,1.9,2,0.1,0,1.8,1.8,33.2,18,−15.2,712,16,9,3
Ipswich,Chelsea,true,19,9,6,8,1.7,0.9,2,1,5,0.5,1,1.8,0,0.1,1,2.2,1.4,39.8,67,27.2,358,14,5,4
Brentford,Arsenal,true,19,5,2,4,0.4,0.4,1,1,3,0.3,1,2.0,3,0.0,0,0.7,0.7,25.5,29,3.5,605,10,7,2
Chelsea,Crystal Palace,false,20,15,1,12,1.2,1.2,1,1,13,1.3,1,0.8,1,0.2,0,2.5,2.5,41.0,35,−6.0,710,35,18,8
Newcastle United,Tottenham,false,20,14,4,11,2.3,2.3,2,2,11,1.4,1,1.0,1,0.3,0,3.7,3.7,51.3,41,−10.3,521,27,12,8
Brighton,Arsenal,true,20,11,4,6,1.5,0.7,1,0,6,0.6,0,1.0,1,0.1,0,2.1,1.3,37.9,29,−8.9,545,15,14,4
Manchester United,Liverpool,false,20,13,4,11,1.0,1.0,2,2,8,0.7,1,2.9,2,0.0,0,1.7,1.7,24.1,35,10.9,541,31,14,4
Fulham,Ipswich,true,20,15,4,10,2.1,0.6,2,0,10,0.6,0,1.7,2,0.1,0,2.7,1.2,40.1,34,−6.1,834,30,17,12
Everton,Bournemouth,false,20,9,0,5,0.7,0.7,0,0,6,0.3,0,1.8,1,0.0,0,1.0,1.0,28.0,23,−5.0,485,16,11,2
Bournemouth,Everton,true,20,19,8,12,1.8,1.8,1,1,14,1.4,1,0.7,0,0.5,1,3.2,3.2,56.6,63,6.4,600,34,13,5
West Ham,Manchester City,false,20,17,4,14,1.1,1.1,1,1,15,1.1,1,2.0,4,0.1,0,2.2,2.2,29.9,19,−10.9,559,23,8,4
Tottenham,Newcastle United,true,20,13,4,9,1.0,1.0,1,1,9,0.7,1,2.3,2,0.0,0,1.7,1.7,28.5,30,1.5,622,24,19,3
Arsenal,Brighton,false,20,9,3,6,1.0,1.0,1,1,9,1.1,1,1.5,1,0.1,0,2.1,2.1,31.3,32,0.7,632,23,7,7
Southampton,Brentford,true,20,8,1,3,0.3,0.3,0,0,7,0.2,0,4.3,5,0.0,0,0.5,0.5,12.1,10,−2.1,584,18,15,4
Crystal Palace,Chelsea,true,20,13,6,10,0.8,0.8,1,1,10,0.9,1,1.2,1,0.2,0,1.7,1.7,38.2,33,−5.2,494,20,6,2
Leicester,Aston Villa,false,20,4,2,3,0.9,0.9,1,1,2,0.4,0,1.3,2,0.0,0,1.3,1.3,36.3,31,−5.3,522,10,11,3
Ipswich,Fulham,false,20,7,3,5,1.7,0.9,2,1,4,0.5,0,2.1,2,0.0,0,2.2,1.4,30.0,28,−2.0,417,12,9,2
Aston Villa,Leicester,true,20,13,5,8,1.3,1.3,2,2,7,0.9,1,0.9,1,0.3,0,2.2,2.2,43.3,44,0.7,740,23,11,7
Manchester City,West Ham,true,20,10,7,7,2.0,2.0,4,4,9,2.0,3,1.1,1,0.2,0,4.0,4.0,50.8,61,10.2,671,26,20,6
Liverpool,Manchester United,true,20,19,6,15,2.9,2.1,2,1,12,1.6,1,1.0,2,0.1,0,4.5,3.7,51.2,35,−16.2,607,31,15,9
Brentford,Southampton,false,20,20,10,17,4.3,3.5,5,4,16,2.8,3,0.3,0,0.8,1,7.1,6.3,76.6,89,12.4,580,32,10,4
Nottingham Forest,Wolverhampton Wanderers,false,20,11,3,8,2.1,2.1,3,3,8,1.9,3,1.5,0,0.0,1,4.0,4.0,43.6,78,34.4,515,23,11,3
Wolverhampton Wanderers,Nottingham Forest,true,20,13,5,11,1.5,1.5,0,0,9,0.8,0,2.1,3,0.0,0,2.3,2.3,31.5,18,−13.5,698,32,18,6
Wolverhampton Wanderers,Newcastle United,false,21,13,7,8,1.4,1.4,0,0,12,1.3,0,2.0,3,0.1,0,2.7,2.7,31.0,19,−12.0,534,21,8,5
Arsenal,Tottenham,true,21,14,4,11,1.3,1.3,2,2,9,1.1,1,0.8,1,0.4,0,2.4,2.4,46.8,36,−10.8,574,44,11,12
Liverpool,Nottingham Forest,false,21,23,6,14,2.0,2.0,1,1,16,1.5,1,0.3,1,0.5,0,3.5,3.5,58.1,33,−25.1,728,49,20,8
Manchester City,Brentford,false,21,21,8,15,2.1,2.1,2,2,20,1.8,1,2.5,2,0.0,0,3.9,3.9,39.7,43,3.3,657,43,28,12
Leicester,Crystal Palace,true,21,21,4,13,1.3,1.3,0,0,17,1.2,0,1.8,2,0.0,0,2.5,2.5,36.9,21,−15.9,755,27,15,8
Fulham,West Ham,false,21,21,4,12,1.6,1.6,2,2,16,1.4,2,1.2,3,0.3,0,3.0,3.0,46.2,37,−9.2,655,26,14,1
Manchester United,Southampton,true,21,23,9,17,3.1,3.1,3,3,18,1.9,1,1.6,1,0.2,0,5.0,5.0,53.8,46,−7.8,735,44,12,15
Ipswich,Brighton,true,21,5,3,3,0.2,0.2,0,0,4,0.1,0,1.0,2,0.3,0,0.3,0.3,34.0,20,−14.0,536,8,6,4
Newcastle United,Wolverhampton Wanderers,true,21,17,5,11,2.0,2.0,3,3,13,1.7,2,1.4,0,0.2,1,3.7,3.7,54.2,79,24.8,727,30,21,6
Tottenham,Arsenal,false,21,10,2,8,0.8,0.8,1,1,8,0.7,0,1.3,2,0.1,0,1.5,1.5,31.1,23,−8.1,546,18,5,6
Everton,Aston Villa,true,21,10,2,7,1.1,1.1,0,0,6,1.0,0,1.3,1,0.2,0,2.1,2.1,37.3,22,−15.3,579,14,12,2
Nottingham Forest,Liverpool,true,21,6,3,2,0.3,0.3,1,1,3,0.3,1,2.0,1,0.0,0,0.6,0.6,25.0,39,14.0,420,15,4,8
Brighton,Ipswich,false,21,11,5,10,1.0,1.0,2,2,10,0.9,1,0.2,0,0.8,1,1.9,1.9,58.5,70,11.5,584,23,11,4
Chelsea,Bournemouth,true,21,26,10,17,2.5,2.5,2,2,18,1.9,1,1.2,2,0.2,0,4.4,4.4,46.7,39,−7.7,563,36,6,6
Southampton,Manchester United,false,21,13,5,7,1.6,1.6,1,1,10,0.7,0,3.1,3,0.0,0,2.3,2.3,31.8,26,−5.8,562,15,18,6
Crystal Palace,Leicester,false,21,9,4,8,1.8,1.8,2,2,7,1.6,2,1.3,0,0.1,1,3.4,3.4,48.3,79,30.7,583,18,16,4
Brentford,Manchester City,true,21,18,5,16,2.5,2.5,2,2,17,2.5,2,2.1,2,0.0,0,5.0,5.0,46.8,39,−7.8,550,40,5,8
Bournemouth,Chelsea,false,21,7,3,6,1.2,0.4,2,1,6,0.4,1,2.5,2,0.0,0,1.6,0.8,30.0,38,8.0,462,18,12,6
West Ham,Fulham,true,21,4,3,3,1.2,1.2,3,3,3,1.1,2,1.6,2,0.0,0,2.3,2.3,34.8,42,7.2,538,7,4,0
Aston Villa,Everton,false,21,11,3,6,1.3,1.3,1,1,7,1.0,1,1.1,0,0.2,1,2.3,2.3,40.5,61,20.5,573,21,11,3
Tottenham,Everton,false,22,11,5,7,1.1,1.1,2,2,6,0.6,1,2.0,3,0.0,0,1.7,1.7,26.8,33,6.2,750,22,8,9
Everton,Tottenham,true,22,12,6,9,2.0,2.0,3,3,11,1.8,2,1.1,2,0.2,0,3.8,3.8,48.7,38,−10.7,503,23,11,9
Ipswich,Manchester City,true,22,8,4,5,0.5,0.5,0,0,7,0.4,0,3.1,6,0.0,0,0.9,0.9,26.2,11,−15.2,475,13,9,3
Newcastle United,Bournemouth,true,22,13,4,7,0.7,0.7,1,1,7,0.3,1,2.0,4,0.0,0,1.0,1.0,28.2,26,−2.2,580,32,12,9
Manchester United,Brighton,true,22,10,1,9,1.4,0.6,1,0,9,0.6,0,2.0,3,0.0,0,2.0,1.2,28.8,26,−2.8,592,28,14,7
Fulham,Leicester,false,22,17,2,14,2.0,2.0,2,2,13,1.6,2,0.5,0,0.5,1,3.6,3.6,57.9,72,14.1,742,32,20,7
Aston Villa,Arsenal,false,22,8,4,5,1.0,1.0,2,2,5,0.8,2,1.3,2,0.1,0,1.8,1.8,34.6,36,1.4,392,13,5,3
Leicester,Fulham,true,22,8,4,7,0.5,0.5,0,0,5,0.3,0,2.0,2,0.0,0,0.8,0.8,22.0,18,−4.0,496,28,7,3
Manchester City,Ipswich,false,22,17,9,14,3.1,3.1,6,6,13,2.6,5,0.5,0,0.4,1,5.7,5.7,64.0,102,38.0,855,41,30,15
Arsenal,Aston Villa,true,22,17,5,10,1.3,1.3,2,2,11,1.0,2,1.0,2,0.2,0,2.3,2.3,37.2,37,−0.2,639,37,9,3
Liverpool,Brentford,false,22,37,8,28,3.6,3.6,2,2,33,3.1,2,0.7,0,0.2,1,6.7,6.7,63.2,71,7.8,639,61,16,11
Wolverhampton Wanderers,Chelsea,false,22,9,4,6,0.9,0.9,1,1,8,0.6,0,3.1,3,0.0,0,1.5,1.5,24.1,26,1.9,488,17,13,2
Southampton,Nottingham Forest,false,22,10,3,8,0.8,0.8,2,2,9,0.7,2,2.0,3,0.0,0,1.5,1.5,21.5,31,9.5,628,23,23,4
Chelsea,Wolverhampton Wanderers,true,22,19,6,15,3.1,3.1,3,3,12,2.6,2,0.9,1,0.2,0,5.7,5.7,59.6,56,−3.6,726,47,10,11
Crystal Palace,West Ham,false,22,12,7,6,1.1,0.4,2,1,9,0.4,1,0.3,0,0.8,1,1.5,0.8,60.2,74,13.8,603,16,5,5
Nottingham Forest,Southampton,true,22,14,4,9,2.0,2.0,3,3,9,1.3,3,0.8,2,0.2,0,3.3,3.3,50.3,48,−2.3,532,24,16,4
West Ham,Crystal Palace,true,22,7,0,4,0.3,0.3,0,0,5,0.2,0,1.1,2,0.1,0,0.5,0.5,23.7,16,−7.7,665,13,5,2
Brentford,Liverpool,true,22,11,6,9,0.7,0.7,0,0,9,0.7,0,3.6,2,0.0,0,1.4,1.4,25.4,22,−3.4,476,24,14,8
Brighton,Manchester United,false,22,6,3,4,2.0,2.0,3,3,5,1.8,2,1.4,1,0.1,0,3.8,3.8,47.3,50,2.7,580,23,14,6
Bournemouth,Newcastle United,false,22,19,10,16,2.0,2.0,4,4,15,1.5,4,0.7,1,0.4,0,3.5,3.5,49.7,58,8.3,515,34,12,9
Crystal Palace,Brentford,true,23,16,5,8,0.9,0.9,1,1,10,0.6,1,1.7,2,0.0,0,1.5,1.5,31.8,29,−2.8,475,22,5,1
Southampton,Newcastle United,true,23,12,5,7,0.5,0.5,1,1,10,0.4,1,3.0,3,0.0,0,0.9,0.9,24.4,29,4.6,619,14,15,4
Brighton,Everton,true,23,16,1,9,0.9,0.9,0,0,9,0.3,0,0.8,1,0.2,0,1.2,1.2,32.2,22,−10.2,815,31,30,7
Chelsea,Manchester City,false,23,10,4,7,1.7,1.7,1,1,8,1.6,1,2.4,3,0.1,0,3.3,3.3,37.4,30,−7.4,544,21,11,11
Nottingham Forest,Bournemouth,false,23,18,4,11,0.9,0.9,0,0,12,0.8,0,1.7,5,0.0,0,1.7,1.7,33.9,14,−19.9,499,30,12,3
Brentford,Crystal Palace,false,23,13,6,7,1.7,0.9,2,1,10,0.9,1,0.9,1,0.2,0,2.6,1.8,44.7,55,10.3,522,31,11,2
West Ham,Aston Villa,false,23,14,3,9,1.5,1.5,1,1,8,0.9,1,0.7,1,0.4,0,2.4,2.4,52.0,45,−7.0,635,37,11,5
Bournemouth,Nottingham Forest,true,23,16,10,11,1.7,1.7,5,5,9,0.7,4,0.9,0,0.3,1,2.4,2.4,46.5,106,59.5,523,27,16,11
Manchester United,Fulham,false,23,4,1,1,0.3,0.3,1,1,1,0.2,0,0.8,0,0.6,1,0.5,0.5,39.7,69,29.3,611,8,12,2
Tottenham,Leicester,true,23,14,6,7,1.0,1.0,1,1,10,0.9,1,1.5,2,0.1,0,1.9,1.9,32.8,28,−4.8,683,19,14,4
Everton,Brighton,false,23,3,1,2,0.8,0.0,1,0,1,0.0,0,0.9,0,0.5,1,0.8,0.0,43.6,75,31.4,461,6,5,1
Manchester City,Chelsea,true,23,15,6,9,2.4,2.4,3,3,11,2.2,3,1.7,1,0.2,0,4.6,4.6,46.0,59,13.0,696,25,14,5
Aston Villa,West Ham,true,23,14,4,9,0.7,0.7,1,1,11,0.7,1,1.5,1,0.1,0,1.4,1.4,32.3,41,8.7,552,24,13,5
Arsenal,Wolverhampton Wanderers,false,23,9,3,6,0.9,0.9,1,1,7,0.8,0,0.7,0,0.6,1,1.7,1.7,42.1,60,17.9,564,19,12,5
Liverpool,Ipswich,true,23,16,6,10,2.2,2.2,4,4,12,1.7,3,0.5,1,0.4,0,3.9,3.9,57.0,77,20.0,886,36,23,10
Fulham,Manchester United,true,23,9,2,8,0.8,0.8,0,0,7,0.4,0,0.3,1,0.8,0,1.2,1.2,55.4,25,−30.4,615,21,17,5
Leicester,Tottenham,false,23,12,3,6,1.5,1.5,2,2,9,1.2,2,1.0,1,0.2,0,2.7,2.7,42.1,51,8.8,500,15,10,4
Ipswich,Liverpool,false,23,3,3,2,0.5,0.5,1,1,2,0.5,1,2.2,4,0.0,0,1.0,1.0,25.0,24,−1.0,454,7,4,3
Newcastle United,Southampton,false,23,17,8,11,3.0,2.2,3,2,14,1.7,2,0.5,1,0.4,0,4.7,3.9,61.7,61,−0.7,570,31,7,12
Wolverhampton Wanderers,Arsenal,true,23,9,4,4,0.7,0.7,0,0,7,0.6,0,0.9,1,0.4,0,1.3,1.3,39.5,23,−16.5,590,12,16,3
Aston Villa,Wolverhampton Wanderers,false,24,10,3,4,0.4,0.4,0,0,8,0.4,0,1.5,2,0.1,0,0.8,0.8,25.4,19,−6.4,678,18,6,4
Wolverhampton Wanderers,Aston Villa,true,24,8,5,6,1.5,1.5,2,2,3,1.0,1,0.4,0,0.4,1,2.5,2.5,53.2,95,41.8,410,11,6,4
Liverpool,Bournemouth,false,24,19,7,12,2.5,1.7,2,1,14,1.3,1,1.6,0,0.1,1,3.8,3.0,48.2,81,32.8,594,31,13,10
Manchester City,Arsenal,false,24,7,4,5,0.9,0.9,1,1,5,0.8,1,0.8,5,0.2,0,1.7,1.7,34.3,24,−10.3,590,14,17,2
Bournemouth,Liverpool,true,24,14,3,8,1.6,1.6,0,0,8,1.0,0,2.5,2,0.0,0,2.6,2.6,32.5,19,−13.5,574,24,13,4
Nottingham Forest,Brighton,true,24,14,9,11,3.5,2.7,7,6,12,2.6,4,0.9,0,0.4,1,6.1,5.3,69.4,123,53.6,495,26,7,8
Brentford,Tottenham,true,24,20,3,14,2.1,2.1,0,0,11,1.5,0,0.9,2,0.4,0,3.6,3.6,53.1,21,−32.1,650,45,11,9
Crystal Palace,Manchester United,false,24,11,3,9,2.6,2.6,2,2,9,1.8,1,1.1,0,0.2,1,4.4,4.4,52.5,83,30.5,450,21,7,2
Chelsea,West Ham,true,24,22,3,15,1.7,1.7,2,2,17,1.3,0,1.2,1,0.3,0,3.0,3.0,43.2,45,1.8,749,34,19,9
Southampton,Ipswich,false,24,9,4,6,0.9,0.9,2,2,5,0.1,0,1.6,1,0.1,0,1.0,1.0,30.6,48,17.4,559,15,10,4
Brighton,Nottingham Forest,false,24,10,5,6,0.9,0.9,0,0,6,0.6,0,3.5,7,0.0,0,1.5,1.5,22.1,4,−18.1,689,28,20,8
Arsenal,Manchester City,true,24,12,7,8,0.8,0.8,5,5,9,0.8,4,0.9,1,0.4,0,1.6,1.6,46.0,78,32.0,509,16,12,5
Everton,Liverpool,true,24,10,3,7,0.9,0.9,2,2,9,0.9,2,0.5,2,0.3,0,1.8,1.8,40.6,44,3.4,497,15,5,2
Everton,Leicester,true,24,13,7,11,2.2,2.2,4,4,11,1.8,3,0.3,0,0.6,1,4.0,4.0,62.5,94,31.5,588,32,4,3
Tottenham,Brentford,false,24,13,2,8,0.9,0.9,2,2,12,0.9,1,2.1,0,0.1,1,1.8,1.8,30.2,71,40.8,611,17,11,8
Newcastle United,Fulham,true,24,11,4,9,0.8,0.8,1,1,9,0.7,0,1.6,2,0.1,0,1.5,1.5,34.3,26,−8.3,537,31,12,7
Ipswich,Southampton,true,24,15,6,8,1.6,1.6,1,1,9,0.8,0,0.9,2,0.2,0,2.4,2.4,45.6,29,−16.6,691,25,19,6
Fulham,Newcastle United,false,24,15,4,10,1.6,1.6,2,2,13,1.6,2,0.8,1,0.2,0,3.2,3.2,44.6,60,15.4,585,29,15,10
Liverpool,Everton,false,24,6,4,4,0.5,0.5,2,2,5,0.4,1,0.9,2,0.4,0,0.9,0.9,35.7,44,8.3,705,15,14,1
Manchester United,Crystal Palace,true,24,17,2,12,1.1,1.1,0,0,12,1.1,0,2.6,2,0.0,0,2.2,2.2,27.6,19,−8.6,720,53,8,13
Leicester,Everton,false,24,9,1,5,0.3,0.3,0,0,5,0.3,0,2.2,4,0.0,0,0.6,0.6,24.8,17,−7.8,625,16,6,0
West Ham,Chelsea,false,24,14,5,9,1.2,1.2,1,1,7,0.9,0,1.7,2,0.2,0,2.1,2.1,47.2,30,−17.2,443,24,5,2
Manchester United,Tottenham,false,25,16,6,14,1.5,1.5,0,0,13,0.9,0,2.2,1,0.1,0,2.4,2.4,29.3,23,−6.3,605,32,7,5
Liverpool,Aston Villa,false,25,17,3,14,2.7,2.7,2,2,16,2.5,2,0.6,2,0.3,0,5.2,5.2,60.0,45,−15.0,554,41,10,9
Everton,Crystal Palace,false,25,11,6,6,0.7,0.7,2,2,9,0.6,1,1.7,1,0.1,0,1.3,1.3,30.5,52,21.5,549,18,9,0
Newcastle United,Manchester City,false,25,3,1,3,0.4,0.4,0,0,3,0.4,0,1.9,4,0.1,0,0.8,0.8,29.5,16,−13.5,482,10,11,3
Tottenham,Manchester United,true,25,22,7,19,2.2,2.2,1,1,18,1.2,0,1.5,0,0.2,1,3.4,3.4,54.0,77,23.0,712,43,30,6
Aston Villa,Liverpool,true,25,9,3,5,0.6,0.6,2,2,5,0.4,1,2.7,2,0.1,0,1.0,1.0,28.2,50,21.8,602,25,18,4
Nottingham Forest,Fulham,false,25,8,2,6,0.4,0.4,1,1,5,0.2,1,2.2,2,0.1,0,0.6,0.6,26.6,32,5.4,551,15,10,5
Chelsea,Brighton,false,25,8,0,6,0.6,0.6,0,0,6,0.4,0,1.8,3,0.1,0,1.0,1.0,31.2,20,−11.2,851,23,12,2
West Ham,Brentford,true,25,13,3,6,0.6,0.6,0,0,6,0.4,0,1.6,1,0.1,0,1.0,1.0,29.0,23,−6.0,669,23,14,3
Bournemouth,Southampton,false,25,14,7,10,1.1,1.1,3,3,13,1.1,3,0.5,1,0.3,0,2.2,2.2,46.0,61,15.0,652,24,15,11
Brighton,Chelsea,true,25,13,5,8,1.8,1.8,3,3,9,1.5,3,0.6,0,0.5,1,3.3,3.3,58.2,102,43.8,458,20,5,5
Brentford,West Ham,false,25,14,5,10,1.6,1.6,1,1,10,0.9,0,0.6,0,0.5,1,2.5,2.5,51.4,64,12.6,511,32,6,4
Southampton,Bournemouth,true,25,11,4,7,0.5,0.5,1,1,11,0.5,1,1.1,3,0.0,0,1.0,1.0,28.7,30,1.3,557,22,18,6
Crystal Palace,Everton,true,25,17,6,9,1.7,1.7,1,1,14,1.2,1,0.7,2,0.3,0,2.9,2.9,49.6,29,−20.6,683,22,9,1
Arsenal,Leicester,false,25,11,5,6,1.3,1.3,2,2,8,1.3,2,0.1,0,0.8,1,2.6,2.6,59.5,80,20.5,635,28,13,8
Leicester,Arsenal,true,25,6,2,4,0.1,0.1,0,0,4,0.1,0,1.3,2,0.1,0,0.2,0.2,27.1,20,−7.1,450,25,7,7
Liverpool,Wolverhampton Wanderers,true,25,10,3,8,1.7,0.9,2,1,4,0.2,0,1.3,1,0.3,0,1.9,1.1,46.3,53,6.7,587,21,16,3
Manchester City,Newcastle United,true,25,11,7,7,1.9,1.9,4,4,11,1.9,4,0.4,0,0.8,1,3.8,3.8,67.7,98,30.3,721,23,22,8
Ipswich,Aston Villa,false,25,4,3,2,0.4,0.4,1,1,2,0.3,1,1.8,1,0.0,0,0.7,0.7,24.1,39,14.9,372,7,3,2
Wolverhampton Wanderers,Liverpool,false,25,16,4,6,1.3,1.3,1,1,11,1.0,1,1.7,2,0.1,0,2.3,2.3,33.7,28,−5.7,612,21,10,5
Aston Villa,Ipswich,true,25,25,6,15,1.8,1.8,1,1,16,1.2,0,0.4,1,0.7,0,3.0,3.0,57.3,41,−16.3,809,43,28,6
Fulham,Nottingham Forest,true,25,24,10,20,2.2,2.2,2,2,15,1.6,2,0.4,1,0.7,0,3.8,3.8,66.2,65,−1.2,646,36,19,5
Everton,Manchester United,true,26,9,8,8,1.9,1.9,2,2,7,1.0,1,0.5,2,0.5,0,2.9,2.9,49.7,36,−13.7,475,22,8,2
Newcastle United,Nottingham Forest,true,26,13,5,13,3.2,2.4,4,3,8,0.9,2,2.2,3,0.0,0,4.1,3.3,41.5,62,20.5,622,32,6,9
Manchester United,Everton,false,26,9,3,4,0.5,0.5,2,2,4,0.3,0,1.9,2,0.1,0,0.8,0.8,31.1,39,7.9,711,19,18,3
Aston Villa,Chelsea,true,26,12,6,10,2.3,2.3,2,2,9,2.2,2,2.2,1,0.0,0,4.5,4.5,41.5,54,12.5,616,33,14,10
Wolverhampton Wanderers,Bournemouth,false,26,13,5,8,2.1,2.1,1,1,9,1.7,1,0.8,0,0.5,1,3.8,3.8,58.4,84,25.6,635,16,10,4
Liverpool,Manchester City,false,26,8,4,6,0.8,0.8,2,2,6,0.6,2,0.6,0,1.0,1,1.4,1.4,64.1,86,21.9,472,25,7,8
Tottenham,Ipswich,false,26,10,6,10,1.7,1.7,4,4,9,1.5,4,1.1,1,0.3,0,3.2,3.2,51.7,75,23.3,653,21,9,7
Bournemouth,Wolverhampton Wanderers,true,26,8,3,6,0.8,0.8,0,0,6,0.8,0,2.1,1,0.1,0,1.6,1.6,22.5,18,−4.5,546,23,12,6
Crystal Palace,Fulham,false,26,10,5,7,1.4,1.4,2,2,7,1.2,1,0.0,0,0.8,1,2.6,2.6,62.0,90,28.0,508,15,9,0
Chelsea,Aston Villa,false,26,15,6,10,2.2,2.2,1,1,12,2.0,1,2.3,2,0.0,0,4.2,4.2,37.3,26,−11.3,592,23,11,8
Southampton,Brighton,true,26,6,1,2,0.0,0.0,0,0,5,0.0,0,4.0,4,0.0,0,0.0,0.0,17.0,17,0.0,572,5,10,2
Brentford,Leicester,false,26,14,6,12,1.5,1.5,4,4,11,1.3,3,0.5,0,0.4,1,2.8,2.8,52.8,94,41.2,572,35,8,7
West Ham,Arsenal,false,26,5,2,5,1.0,1.0,1,1,5,1.1,1,1.2,0,0.2,1,2.1,2.1,41.7,87,45.3,453,11,9,3
Brighton,Southampton,false,26,18,12,14,4.0,4.0,4,4,14,3.3,3,0.0,0,0.9,1,7.3,7.3,81.3,95,13.7,580,36,5,7
Nottingham Forest,Newcastle United,false,26,17,5,10,2.2,2.2,3,3,11,1.4,1,3.2,4,0.0,0,3.6,3.6,32.8,36,3.2,509,24,10,2
Fulham,Crystal Palace,true,26,10,0,4,0.0,0.0,0,0,6,0.0,0,1.4,2,0.2,0,0.0,0.0,28.5,18,−10.5,701,20,8,2
Manchester City,Liverpool,true,26,16,5,6,0.6,0.6,0,0,13,0.4,0,0.8,2,1.0,0,1.0,1.0,57.3,21,−36.3,792,37,30,20
Ipswich,Tottenham,true,26,17,5,10,1.1,1.1,1,1,14,1.1,1,1.7,4,0.1,0,2.2,2.2,33.7,24,−9.7,489,26,8,10
Arsenal,West Ham,true,26,20,2,14,1.2,1.2,0,0,17,0.9,0,1.0,1,0.2,0,2.1,2.1,34.6,20,−14.6,773,42,20,6
Leicester,Brentford,true,26,8,3,5,0.5,0.5,0,0,6,0.5,0,1.5,4,0.1,0,1.0,1.0,26.1,13,−13.1,525,21,16,3
Tottenham,Manchester City,true,27,11,6,11,1.1,1.1,0,0,11,1.0,0,2.1,1,0.0,0,2.1,2.1,31.6,25,−6.6,658,26,9,7
Manchester United,Ipswich,true,27,10,6,8,0.6,0.6,3,3,6,0.2,1,1.3,2,0.3,0,0.8,0.8,29.7,44,14.3,496,21,12,7
Everton,Brentford,false,27,14,4,7,1.2,1.2,1,1,10,0.9,1,1.6,1,0.1,0,2.1,2.1,36.0,39,3.0,575,16,22,4
Newcastle United,Liverpool,false,27,3,0,2,0.2,0.2,0,0,1,0.1,0,1.5,2,0.2,0,0.3,0.3,31.9,21,−10.9,493,16,8,7
Fulham,Wolverhampton Wanderers,false,27,11,5,10,1.7,1.7,2,2,10,1.5,2,1.2,1,0.4,0,3.2,3.2,54.0,55,1.0,529,15,7,6
West Ham,Leicester,true,27,8,2,7,1.6,1.6,2,2,6,1.1,0,0.3,0,0.7,1,2.7,2.7,66.1,83,16.9,799,18,13,0
Bournemouth,Brighton,false,27,19,5,12,1.4,1.4,1,1,17,1.1,1,2.3,2,0.0,0,2.5,2.5,34.2,32,−2.2,657,35,14,12
Nottingham Forest,Arsenal,true,27,6,2,4,0.5,0.5,0,0,4,0.3,0,1.1,0,0.2,1,0.8,0.8,32.7,57,24.3,408,13,7,2
Crystal Palace,Aston Villa,true,27,19,6,15,3.7,3.7,4,4,14,2.5,3,0.3,1,0.5,0,6.2,6.2,64.2,77,12.8,411,29,6,5
Brentford,Everton,true,27,12,3,8,1.6,1.6,1,1,8,0.6,0,1.2,1,0.2,0,2.2,2.2,38.9,38,−0.9,608,28,10,6
Brighton,Bournemouth,true,27,11,4,7,2.3,1.5,2,1,6,1.2,1,1.4,1,0.1,0,3.5,2.7,46.1,49,2.9,544,24,8,5
Chelsea,Southampton,true,27,19,10,13,2.4,2.4,4,4,17,2.2,4,0.6,0,0.4,1,4.6,4.6,60.6,104,43.4,735,37,16,9
Southampton,Chelsea,false,27,7,2,5,0.6,0.6,0,0,6,0.6,0,2.4,4,0.0,0,1.2,1.2,26.5,16,−10.5,524,12,10,2
Aston Villa,Crystal Palace,false,27,6,2,6,0.3,0.3,1,1,5,0.1,1,3.7,4,0.0,0,0.4,0.4,21.9,25,3.1,601,18,8,7
Wolverhampton Wanderers,Fulham,true,27,18,5,11,1.2,1.2,1,1,10,0.9,1,1.7,2,0.2,0,2.1,2.1,39.2,28,−11.2,698,23,11,2
Arsenal,Nottingham Forest,false,27,13,1,8,1.1,1.1,0,0,12,0.8,0,0.5,0,0.6,1,1.9,1.9,52.0,55,3.0,642,27,15,5
Leicester,West Ham,false,27,10,2,5,0.3,0.3,0,0,5,0.1,0,1.6,2,0.1,0,0.4,0.4,29.2,19,−10.2,606,9,10,1
Ipswich,Manchester United,false,27,12,3,5,1.3,1.3,2,2,8,0.3,1,0.6,3,0.1,0,1.6,1.6,36.6,35,−1.6,580,18,15,4
Liverpool,Newcastle United,true,27,12,3,9,1.5,1.5,2,2,12,1.3,2,0.2,0,0.6,1,2.8,2.8,58.9,85,26.1,733,26,12,8
Manchester City,Tottenham,false,27,12,5,8,2.1,2.1,1,1,8,1.6,0,1.1,0,0.2,1,3.7,3.7,53.7,69,15.3,564,26,13,7
West Ham,Newcastle United,true,28,9,2,4,0.4,0.4,0,0,6,0.0,0,1.5,1,0.1,0,0.4,0.4,33.1,28,−5.1,609,17,9,4
Liverpool,Southampton,true,28,28,7,23,3.9,2.4,3,1,22,2.2,1,0.3,1,0.6,0,6.1,4.6,66.3,59,−7.3,813,51,22,16
Arsenal,Manchester United,false,28,17,6,9,1.7,1.7,1,1,12,1.2,1,1.7,1,0.2,0,2.9,2.9,42.7,39,−3.7,736,30,23,7
Leicester,Chelsea,false,28,3,3,1,0.1,0.1,0,0,2,0.0,0,1.8,1,0.1,0,0.1,0.1,31.7,35,3.3,565,4,10,1
Wolverhampton Wanderers,Everton,true,28,11,3,5,0.6,0.6,1,1,8,0.3,1,1.3,1,0.2,0,0.9,0.9,34.2,40,5.8,742,16,12,1
Fulham,Brighton,false,28,6,1,6,0.9,0.9,1,1,5,0.9,1,1.5,2,0.1,0,1.8,1.8,34.4,28,−6.4,598,12,10,3
Manchester City,Nottingham Forest,false,28,14,3,6,1.0,1.0,0,0,10,0.6,0,0.7,1,0.6,0,1.6,1.6,49.7,29,−20.7,752,24,19,13
Manchester United,Arsenal,true,28,10,6,6,1.7,1.7,1,1,8,1.0,0,1.7,1,0.1,0,2.7,2.7,41.9,44,2.1,417,17,7,3
Aston Villa,Brentford,false,28,12,4,10,1.3,1.3,1,1,7,1.0,1,0.4,0,0.5,1,2.3,2.3,51.4,70,18.6,459,18,11,4
Crystal Palace,Ipswich,true,28,19,4,14,3.4,3.4,1,1,14,2.3,0,1.2,0,0.1,1,5.7,5.7,54.4,72,17.6,604,24,15,5
Southampton,Liverpool,false,28,6,4,3,0.3,0.3,1,1,5,0.2,0,3.9,3,0.0,0,0.5,0.5,25.1,29,3.9,405,7,7,2
Brentford,Aston Villa,true,28,13,3,7,0.4,0.4,0,0,9,0.5,0,1.3,1,0.2,0,0.9,0.9,31.4,23,−8.4,619,33,10,10
Nottingham Forest,Manchester City,true,28,9,4,6,0.7,0.7,1,1,9,0.7,1,1.0,0,0.5,1,1.4,1.4,42.1,72,29.9,409,19,6,4
Tottenham,Bournemouth,true,28,12,4,8,1.5,0.7,2,1,10,0.7,1,2.8,2,0.1,0,2.2,1.4,31.1,46,14.9,698,22,13,9
Newcastle United,West Ham,false,28,9,3,6,1.5,1.5,1,1,8,1.0,1,0.4,0,0.3,1,2.5,2.5,48.8,72,23.2,602,27,15,7
Everton,Wolverhampton Wanderers,false,28,12,4,7,1.3,1.3,1,1,10,1.1,1,0.6,1,0.4,0,2.4,2.4,48.5,39,−9.5,462,16,6,3
Ipswich,Crystal Palace,false,28,15,7,9,1.2,1.2,0,0,11,0.5,0,3.4,1,0.0,0,1.7,1.7,29.1,28,−1.1,522,16,9,3
Brighton,Fulham,true,28,9,4,8,1.5,0.8,2,1,6,0.6,1,0.9,1,0.4,0,2.1,1.4,48.1,52,3.9,675,29,17,5
Chelsea,Leicester,true,28,20,7,10,1.8,0.9,1,1,18,0.8,1,0.1,0,0.9,1,2.6,1.7,66.0,74,8.0,687,37,10,9
Bournemouth,Tottenham,false,28,17,8,15,2.8,2.8,2,2,9,1.5,2,1.5,2,0.1,0,4.3,4.3,49.6,42,−7.6,500,28,7,4
West Ham,Everton,false,29,9,4,7,0.7,0.7,1,1,9,0.5,1,1.0,1,0.2,0,1.2,1.2,35.8,40,4.2,591,21,14,7
Chelsea,Arsenal,false,29,8,2,3,0.3,0.3,0,0,5,0.2,0,0.8,1,0.5,0,0.5,0.5,41.3,25,−16.3,634,7,9,1
Brentford,Bournemouth,false,29,10,4,7,0.9,0.9,2,2,7,0.6,1,1.5,1,1.0,0,1.5,1.5,59.1,51,−8.1,512,26,6,3
Bournemouth,Brentford,true,29,17,5,13,1.5,1.5,1,1,16,1.6,0,0.9,2,1.0,0,3.1,3.1,59.9,24,−35.9,652,42,23,9
Brighton,Manchester City,false,29,15,3,12,2.3,2.3,2,2,11,1.8,0,1.8,2,0.1,0,4.1,4.1,42.9,35,−7.9,482,26,10,5
Manchester City,Brighton,true,29,11,3,8,1.8,1.0,2,1,7,0.9,1,2.3,2,0.1,0,2.7,1.9,32.6,40,7.4,636,31,17,8
Tottenham,Fulham,false,29,12,4,10,0.9,0.9,0,0,11,0.7,0,0.9,2,0.3,0,1.6,1.6,42.2,27,−15.2,596,25,14,6
Everton,West Ham,true,29,13,5,12,1.0,1.0,1,1,11,0.9,1,0.7,1,0.6,0,1.9,1.9,54.4,42,−12.4,664,27,13,2
Manchester United,Leicester,false,29,18,5,7,0.7,0.7,3,3,11,0.4,3,1.2,0,0.2,1,1.1,1.1,39.7,91,51.3,643,15,14,3
Arsenal,Chelsea,true,29,12,4,9,0.8,0.8,1,1,8,0.5,1,0.3,0,0.7,1,1.3,1.3,49.6,68,18.4,489,26,12,5
Nottingham Forest,Ipswich,false,29,11,6,6,1.3,1.3,4,4,7,1.0,3,0.4,2,0.6,0,2.3,2.3,56.1,67,10.9,488,19,13,6
Southampton,Wolverhampton Wanderers,true,29,10,3,9,1.0,1.0,1,1,9,0.5,0,0.5,2,0.6,0,1.5,1.5,53.3,30,−23.3,730,23,19,4
Fulham,Tottenham,true,29,13,4,7,0.9,0.9,2,2,7,0.4,1,0.9,0,0.2,1,1.3,1.3,39.1,84,44.9,700,26,19,6
Wolverhampton Wanderers,Southampton,false,29,5,3,3,0.5,0.5,2,2,5,0.4,2,1.0,1,0.2,0,0.9,0.9,36.0,56,20.0,547,12,15,4
Leicester,Manchester United,true,29,11,3,7,1.2,1.2,0,0,8,0.9,0,0.7,3,0.3,0,2.1,2.1,43.0,19,−24.0,697,19,17,2
Ipswich,Nottingham Forest,true,29,11,3,4,0.4,0.4,2,2,7,0.3,2,1.3,4,0.2,0,0.7,0.7,32.2,35,2.8,572,12,8,3
Tottenham,Chelsea,false,30,8,2,5,0.8,0.8,0,0,5,0.8,0,1.1,1,0.2,0,1.6,1.6,36.9,22,−14.9,569,23,14,8
Leicester,Manchester City,false,30,2,0,1,0.0,0.0,0,0,2,0.0,0,2.5,2,0.1,0,0.0,0.0,18.0,15,−3.0,397,2,3,0
Wolverhampton Wanderers,West Ham,true,30,9,2,4,0.7,0.7,1,1,6,0.7,0,1.0,0,0.1,1,1.4,1.4,34.4,69,34.6,580,14,15,2
Aston Villa,Brighton,false,30,8,5,7,1.3,1.3,3,3,7,1.3,3,1.0,0,0.6,1,2.6,2.6,56.0,92,36.0,525,16,5,6
Liverpool,Everton,true,30,17,3,11,1.5,1.5,1,1,13,1.1,1,0.6,0,0.4,1,2.6,2.6,49.1,69,19.9,763,32,16,9
Nottingham Forest,Manchester United,true,30,8,2,6,0.5,0.5,1,1,7,0.5,1,1.6,0,0.1,1,1.0,1.0,31.3,69,37.7,475,15,6,4
Ipswich,Bournemouth,false,30,10,2,7,1.1,1.1,2,2,9,1.1,2,1.8,1,0.1,0,2.2,2.2,37.6,62,24.4,473,15,4,3
Fulham,Arsenal,false,30,9,3,8,0.8,0.8,1,1,7,0.6,1,2.2,2,0.0,0,1.4,1.4,25.7,27,1.3,587,15,10,4
Manchester City,Leicester,true,30,18,5,11,2.5,2.5,2,2,13,1.7,1,0.0,0,0.9,1,4.2,4.2,64.0,73,9.0,907,45,29,12
Newcastle United,Brentford,true,30,21,4,15,1.4,1.4,2,2,16,1.3,2,1.6,1,0.1,0,2.7,2.7,40.9,53,12.1,570,31,14,8
Manchester United,Nottingham Forest,false,30,23,5,16,1.6,1.6,0,0,19,1.2,0,0.5,1,0.6,0,2.8,2.8,54.8,21,−33.8,816,39,21,6
Everton,Liverpool,false,30,5,0,3,0.6,0.6,0,0,4,0.6,0,1.5,1,0.3,0,1.2,1.2,36.8,26,−10.8,388,17,7,2
Arsenal,Fulham,true,30,17,4,15,2.2,2.2,2,2,11,1.9,2,0.8,1,0.1,0,4.1,4.1,50.1,59,8.9,616,37,15,12
Bournemouth,Ipswich,true,30,24,6,11,1.8,1.8,1,1,14,0.6,0,1.1,2,0.2,0,2.4,2.4,40.5,29,−11.5,681,26,9,4
Chelsea,Tottenham,true,30,11,5,8,1.1,1.1,1,1,7,0.7,1,0.8,0,0.1,1,1.8,1.8,35.3,69,33.7,579,30,10,6
Crystal Palace,Southampton,false,30,9,3,7,1.0,1.0,1,1,7,0.5,1,0.5,1,0.5,0,1.5,1.5,44.7,37,−7.7,661,21,10,2
Southampton,Crystal Palace,true,30,8,2,7,0.5,0.5,1,1,6,0.4,1,1.0,1,0.3,0,0.9,0.9,37.8,52,14.2,540,24,13,2
Brighton,Aston Villa,true,30,11,4,8,1.0,1.0,0,0,8,0.6,0,1.3,3,0.2,0,1.6,1.6,37.0,21,−16.0,608,25,10,4
West Ham,Wolverhampton Wanderers,false,30,10,1,8,1.0,1.0,0,0,6,0.8,0,0.7,1,0.3,0,1.8,1.8,36.3,22,−14.3,729,18,12,1
Brentford,Newcastle United,false,30,12,3,10,1.6,0.8,1,0,8,0.6,0,1.4,2,0.1,0,2.2,1.4,37.1,29,−8.1,572,33,6,7
Aston Villa,Nottingham Forest,true,31,17,8,13,2.6,2.6,2,2,13,2.3,2,1.1,1,0.4,0,4.9,4.9,57.9,54,−3.9,555,25,13,8
Wolverhampton Wanderers,Ipswich,false,31,22,6,19,2.6,2.6,2,2,15,2.3,1,0.8,1,0.3,0,4.9,4.9,58.3,48,−10.3,581,38,16,5
Tottenham,Southampton,true,31,13,8,11,2.1,1.3,3,2,12,1.4,2,1.0,1,0.4,0,3.5,2.7,55.7,64,8.3,621,23,3,4
Manchester City,Manchester United,false,31,9,5,4,0.4,0.4,0,0,5,0.1,0,0.9,0,0.2,1,0.5,0.5,28.6,48,19.4,699,14,26,1
Fulham,Liverpool,true,31,12,6,8,0.9,0.9,3,3,7,0.6,1,1.1,2,0.2,0,1.5,1.5,40.8,60,19.2,514,21,10,7
Ipswich,Wolverhampton Wanderers,true,31,6,2,5,0.8,0.8,1,1,4,0.8,1,2.6,2,0.0,0,1.6,1.6,26.5,33,6.5,469,15,6,1
Leicester,Newcastle United,true,31,7,2,6,0.5,0.5,0,0,6,0.3,0,3.3,3,0.0,0,0.8,0.8,20.5,16,−4.5,680,16,15,5
Liverpool,Fulham,false,31,14,6,10,1.1,1.1,2,2,11,0.9,2,0.9,3,0.1,0,2.0,2.0,38.5,42,3.5,726,26,17,6
Everton,Arsenal,true,31,5,2,4,1.0,0.2,1,0,4,0.3,0,2.0,1,0.2,0,1.3,0.5,34.1,45,10.9,330,13,1,4
Manchester United,Manchester City,true,31,13,2,8,0.9,0.9,0,0,8,0.5,0,0.4,0,0.4,1,1.4,1.4,45.3,61,15.7,536,26,14,10
Nottingham Forest,Aston Villa,false,31,19,3,10,1.1,1.1,1,1,17,0.9,1,2.6,2,0.0,0,2.0,2.0,28.3,28,−0.3,516,18,11,8
Southampton,Tottenham,false,31,12,4,9,1.0,1.0,1,1,10,0.9,1,2.1,3,0.0,0,1.9,1.9,31.2,33,1.8,601,23,14,7
Crystal Palace,Brighton,true,31,8,3,5,0.5,0.5,2,2,7,0.5,2,0.9,1,0.2,0,1.0,1.0,33.1,49,15.9,480,11,8,5
Newcastle United,Leicester,false,31,16,5,10,3.3,3.3,3,3,7,1.3,1,0.5,0,0.7,1,4.6,4.6,70.5,93,22.5,556,22,12,4
Chelsea,Brentford,false,31,21,5,13,1.3,1.3,0,0,18,1.3,0,1.2,0,0.2,1,2.6,2.6,36.0,51,15.0,625,29,10,11
Brighton,Crystal Palace,false,31,11,5,7,0.9,0.9,1,1,9,0.8,1,0.5,2,0.6,0,1.7,1.7,48.4,31,−17.4,693,21,10,2
Brentford,Chelsea,true,31,9,2,7,1.2,1.2,0,0,7,1.1,0,1.3,0,0.2,1,2.3,2.3,44.7,61,16.3,486,25,12,6
Bournemouth,West Ham,false,31,11,4,8,2.1,2.1,2,2,9,1.3,1,0.6,2,0.4,0,3.4,3.4,52.8,44,−8.8,509,21,14,8
Arsenal,Everton,false,31,14,4,11,2.0,2.0,1,1,10,1.3,1,1.0,1,0.1,0,3.3,3.3,44.3,38,−6.3,610,40,17,9
West Ham,Bournemouth,true,31,9,3,6,0.6,0.6,2,2,7,0.5,2,2.1,2,0.0,0,1.1,1.1,25.3,46,20.7,645,16,13,4
Wolverhampton Wanderers,Tottenham,true,32,13,5,9,2.4,2.4,4,4,8,1.1,1,1.9,2,0.1,0,3.5,3.5,44.6,54,9.4,484,18,10,2
Arsenal,Brentford,true,32,14,3,8,0.8,0.8,1,1,11,0.8,1,0.2,1,0.5,0,1.6,1.6,49.8,50,0.2,610,33,19,8
Southampton,Aston Villa,true,32,7,2,5,0.1,0.1,0,0,5,0.2,0,3.2,3,0.0,0,0.3,0.3,20.2,33,12.8,510,8,10,2
Nottingham Forest,Everton,true,32,10,5,5,0.5,0.5,0,0,8,0.4,0,1.3,1,0.2,0,0.9,0.9,33.6,25,−8.6,487,8,8,2
Liverpool,West Ham,true,32,15,6,11,1.8,1.8,2,2,12,1.6,2,1.4,1,0.2,0,3.4,3.4,49.0,61,12.0,630,36,14,5
Manchester United,Newcastle United,false,32,9,5,5,0.6,0.6,1,1,6,0.5,1,2.0,4,0.0,0,1.1,1.1,22.6,19,−3.6,603,12,8,2
Newcastle United,Manchester United,true,32,12,6,10,2.0,2.0,4,4,9,1.5,3,0.6,1,0.4,0,3.5,3.5,58.6,73,14.4,566,34,15,6
Newcastle United,Crystal Palace,true,32,14,7,9,1.4,1.4,5,5,12,1.2,4,2.0,0,0.0,1,2.6,2.6,35.6,111,75.4,667,18,8,3
Manchester City,Crystal Palace,true,32,21,8,16,4.0,4.0,5,5,12,2.8,3,1.8,2,0.2,0,6.8,6.8,61.8,75,13.2,853,28,17,7
Crystal Palace,Newcastle United,false,32,11,3,8,2.0,1.2,0,0,9,1.0,0,1.4,5,0.1,0,3.0,2.2,39.2,6,−33.2,497,26,14,2
Crystal Palace,Manchester City,false,32,7,3,5,1.8,1.8,2,2,4,1.6,2,4.0,5,0.0,0,3.4,3.4,30.3,33,2.7,471,9,10,0
Chelsea,Ipswich,true,32,34,9,19,2.3,2.3,2,2,30,2.3,1,1.1,2,0.1,0,4.6,4.6,48.5,34,−14.5,747,54,18,15
Fulham,Bournemouth,false,32,12,7,7,1.0,1.0,0,0,8,0.8,0,1.4,1,0.1,0,1.8,1.8,31.2,22,−9.2,659,37,10,6
Tottenham,Wolverhampton Wanderers,false,32,11,4,8,1.9,1.9,2,2,8,1.0,1,2.4,4,0.1,0,2.9,2.9,31.3,31,−0.3,692,20,14,2
Ipswich,Chelsea,false,32,13,4,6,1.1,1.1,2,2,10,0.9,2,2.3,2,0.0,0,2.0,2.0,32.1,52,19.9,374,9,6,1
Leicester,Brighton,false,32,15,6,11,1.7,1.7,2,2,11,1.1,1,3.9,2,0.0,0,2.8,2.8,30.0,45,15.0,504,24,13,8
Everton,Nottingham Forest,false,32,13,5,8,1.3,1.3,1,1,9,1.2,1,0.5,0,0.6,1,2.5,2.5,54.1,80,25.9,604,28,12,6
Bournemouth,Fulham,true,32,12,3,8,1.4,1.4,1,1,7,1.1,0,1.0,0,0.3,1,2.5,2.5,44.7,64,19.3,501,14,10,4
Brentford,Arsenal,false,32,3,2,3,0.2,0.2,1,1,2,0.2,1,0.8,1,0.4,0,0.4,0.4,35.1,43,7.9,409,15,8,4
Aston Villa,Southampton,false,32,25,10,13,3.2,1.4,3,3,17,1.2,2,0.1,0,0.6,1,4.4,2.6,68.1,85,16.9,698,43,21,11
West Ham,Liverpool,false,32,11,4,10,1.4,1.4,1,1,8,1.3,0,1.8,2,0.2,0,2.7,2.7,39.9,20,−19.9,557,16,6,4
Brighton,Leicester,true,32,21,7,15,3.9,2.3,2,0,16,2.0,0,1.7,2,0.1,0,5.9,4.3,54.3,43,−11.3,676,43,25,6
Newcastle United,Aston Villa,false,33,10,3,9,1.1,1.1,1,1,7,0.8,1,2.2,4,0.0,0,1.9,1.9,31.8,24,−7.8,563,33,10,10
Manchester City,Everton,false,33,12,6,8,2.1,2.1,2,2,8,1.4,2,0.8,0,0.4,1,3.5,3.5,52.3,76,23.7,803,24,14,5
Liverpool,Leicester,false,33,28,8,24,2.4,2.4,1,1,22,1.6,0,0.3,0,0.8,1,4.0,4.0,65.8,69,3.2,675,45,13,5
Nottingham Forest,Tottenham,false,33,4,3,1,0.4,0.4,2,2,4,0.4,2,2.2,1,0.0,0,0.8,0.8,20.2,49,28.8,422,3,4,1
Manchester City,Aston Villa,true,33,14,6,10,1.1,1.1,2,2,11,0.9,1,1.7,1,0.1,0,2.0,2.0,31.6,47,15.4,624,24,20,4
Ipswich,Arsenal,true,33,4,0,2,0.2,0.2,0,0,3,0.1,0,2.6,4,0.0,0,0.3,0.3,18.9,9,−9.9,374,5,7,1
Everton,Manchester City,true,33,8,2,7,0.8,0.8,0,0,5,0.6,0,2.1,2,0.1,0,1.4,1.4,26.6,20,−6.6,466,20,8,2
Crystal Palace,Bournemouth,true,33,5,0,3,0.3,0.3,0,0,2,0.2,0,0.6,0,0.5,1,0.5,0.5,33.9,49,15.1,360,15,7,1
Crystal Palace,Arsenal,false,33,15,4,11,1.8,1.8,2,2,12,1.5,1,1.3,2,0.0,0,3.3,3.3,42.6,47,4.4,449,25,8,2
Tottenham,Nottingham Forest,true,33,22,5,16,2.2,2.2,1,1,15,1.6,1,0.4,2,0.5,0,3.8,3.8,53.3,28,−25.3,721,42,21,4
Chelsea,Fulham,false,33,13,7,8,0.8,0.8,2,2,8,0.6,1,0.2,1,0.7,0,1.4,1.4,47.7,45,−2.7,672,31,14,5
Fulham,Chelsea,true,33,6,1,3,0.2,0.2,1,1,4,0.1,1,0.8,2,0.5,0,0.3,0.3,41.1,43,1.9,495,15,19,5
Leicester,Liverpool,true,33,5,0,3,0.3,0.3,0,0,3,0.2,0,2.4,1,0.0,0,0.5,0.5,25.2,29,3.8,534,13,4,4
Brighton,Brentford,false,33,12,3,7,1.4,1.4,2,2,7,1.3,2,2.2,4,0.0,0,2.7,2.7,32.2,33,0.8,649,29,22,6
Arsenal,Ipswich,false,33,24,7,19,2.6,2.6,4,4,20,1.9,4,0.2,0,0.8,1,4.5,4.5,69.4,99,29.6,870,68,21,16
Southampton,West Ham,false,33,15,4,7,0.6,0.6,1,1,11,0.4,0,0.9,1,0.4,0,1.0,1.0,42.1,41,−1.1,579,23,21,3
Brentford,Brighton,true,33,16,8,14,2.2,2.2,4,4,14,1.5,4,1.4,2,0.2,0,3.7,3.7,49.6,68,18.4,586,33,8,3
Aston Villa,Manchester City,false,33,7,3,6,1.7,0.9,1,0,5,0.9,0,1.1,2,0.2,0,2.6,1.8,46.8,31,−15.8,417,20,5,4
Aston Villa,Newcastle United,true,33,23,9,19,2.2,2.2,4,4,19,2.0,3,1.1,1,0.2,0,4.2,4.2,53.8,66,12.2,546,30,4,7
West Ham,Southampton,true,33,12,4,8,0.9,0.9,1,1,10,0.8,1,0.6,1,0.4,0,1.7,1.7,45.9,48,2.1,624,22,10,4
Bournemouth,Crystal Palace,false,33,15,4,9,0.6,0.6,0,0,13,0.5,0,0.3,0,0.7,1,1.1,1.1,47.2,57,9.8,737,29,33,3
Manchester United,Wolverhampton Wanderers,true,33,12,2,5,1.3,1.3,0,0,7,1.1,0,0.2,1,0.8,0,2.4,2.4,55.8,22,−33.8,707,25,19,8
Arsenal,Crystal Palace,true,33,12,4,9,1.3,1.3,2,2,9,0.7,2,1.8,2,0.0,0,2.0,2.0,34.7,42,7.3,826,22,17,4
Wolverhampton Wanderers,Manchester United,false,33,4,2,1,0.2,0.2,1,1,3,0.1,0,1.3,0,0.3,1,0.3,0.3,30.9,75,44.0,528,7,12,2
Brighton,West Ham,true,34,16,9,7,1.3,1.3,3,3,12,1.0,3,1.2,2,0.2,0,2.3,2.3,37.9,58,20.1,664,34,19,15
Leicester,Wolverhampton Wanderers,false,34,8,2,4,1.0,0.2,0,0,5,0.3,0,2.2,3,0.0,0,1.3,0.5,22.4,12,−10.4,591,11,7,2
Fulham,Southampton,false,34,26,5,18,2.1,2.1,2,2,20,1.4,2,0.6,1,0.3,0,3.5,3.5,52.4,55,2.6,721,38,25,3
Southampton,Fulham,true,34,7,3,6,0.6,0.6,1,1,5,0.4,1,2.1,2,0.1,0,1.0,1.0,26.6,29,2.4,462,11,4,4
Wolverhampton Wanderers,Leicester,true,34,20,5,13,2.2,2.2,3,3,18,2.1,3,1.0,0,0.2,1,4.3,4.3,51.7,98,46.3,735,27,17,4
Brentford,Nottingham Forest,false,34,11,3,10,1.7,1.7,2,2,10,1.6,2,1.0,0,0.5,1,3.3,3.3,50.6,83,32.4,464,20,5,7
Bournemouth,Manchester United,true,34,8,1,6,0.6,0.6,1,1,7,0.6,1,2.3,1,0.1,0,1.2,1.2,22.8,36,13.2,454,14,14,2
West Ham,Brighton,false,34,12,4,8,1.2,1.2,2,2,10,1.1,2,1.3,3,0.2,0,2.3,2.3,45.4,38,−7.4,626,24,10,5
Everton,Chelsea,false,34,6,3,4,0.4,0.4,0,0,3,0.4,0,0.9,1,0.4,0,0.8,0.8,42.3,27,−15.3,564,11,13,1
Chelsea,Everton,true,34,10,7,5,0.9,0.9,1,1,7,0.7,1,0.4,0,0.3,1,1.6,1.6,45.1,72,26.9,656,16,6,7
Manchester United,Bournemouth,false,34,25,6,17,2.3,2.3,1,1,20,2.0,1,0.6,1,0.5,0,4.3,4.3,62.6,46,−16.6,622,41,20,5
Ipswich,Newcastle United,false,34,4,0,2,0.1,0.1,0,0,2,0.0,0,3.1,3,0.0,0,0.1,0.1,14.4,12,−2.4,336,6,2,0
Tottenham,Liverpool,false,34,8,3,4,0.3,0.3,1,1,4,0.1,1,2.1,5,0.0,0,0.4,0.4,20.6,19,−1.6,439,12,7,4
Nottingham Forest,Brentford,true,34,14,5,11,1.0,1.0,0,0,11,0.6,0,1.7,2,0.2,0,1.6,1.6,33.7,18,−15.7,534,32,9,8
Newcastle United,Ipswich,true,34,25,4,13,3.1,2.4,3,2,22,2.1,2,0.1,0,0.9,1,5.2,4.5,74.8,91,16.2,801,60,14,12
Liverpool,Tottenham,true,34,25,6,16,2.1,2.1,5,5,20,1.8,3,0.3,1,0.6,0,3.9,3.9,61.1,74,12.9,648,34,11,7
Newcastle United,Brighton,false,35,13,5,7,1.8,1.0,1,0,7,0.6,0,0.6,1,0.5,0,2.4,1.6,51.0,39,−12.0,587,30,14,7
Manchester United,Brentford,false,35,14,5,9,1.5,1.5,3,3,12,1.3,3,2.8,4,0.0,0,2.8,2.8,30.2,39,8.8,637,21,17,5
Chelsea,Liverpool,true,35,17,6,14,3.1,2.3,3,2,14,2.1,1,1.1,1,0.2,0,5.2,4.4,54.9,55,0.1,501,35,11,17
Everton,Ipswich,true,35,8,3,6,0.4,0.4,2,2,5,0.5,2,0.8,2,0.2,0,0.9,0.9,36.5,42,5.5,626,21,14,2
Crystal Palace,Nottingham Forest,true,35,20,3,14,2.5,1.7,1,0,11,0.8,0,0.7,1,0.5,0,3.3,2.5,58.7,44,−14.7,560,38,8,1
Liverpool,Chelsea,false,35,11,2,9,1.1,1.1,1,1,8,0.9,1,3.1,3,0.0,0,2.0,2.0,28.2,27,−1.2,788,33,12,7
Ipswich,Everton,false,35,12,5,6,0.8,0.8,2,2,8,0.5,1,0.4,2,0.4,0,1.3,1.3,40.0,41,1.0,495,16,6,4
Leicester,Southampton,true,35,14,4,9,1.3,1.3,2,2,11,1.1,1,0.5,0,0.5,1,2.4,2.4,55.1,80,24.9,571,18,9,7
Fulham,Aston Villa,false,35,11,3,8,0.7,0.7,0,0,10,0.5,0,0.8,1,0.2,0,1.2,1.2,30.8,21,−9.8,540,23,11,1
Tottenham,West Ham,false,35,7,2,4,0.7,0.7,1,1,4,0.8,1,0.7,1,0.2,0,1.5,1.5,33.9,36,2.1,529,10,10,1
Southampton,Leicester,false,35,8,2,6,0.5,0.5,0,0,8,0.5,0,1.3,2,0.2,0,1.0,1.0,27.4,14,−13.4,579,19,9,1
Nottingham Forest,Crystal Palace,false,35,12,4,7,0.7,0.7,1,1,7,0.5,1,2.5,1,0.0,0,1.2,1.2,18.0,33,15.0,601,15,9,4
Wolverhampton Wanderers,Manchester City,false,35,6,0,4,0.4,0.4,0,0,2,0.1,0,0.7,1,0.3,0,0.5,0.5,41.9,27,−14.9,531,13,5,4
Arsenal,Bournemouth,true,35,13,4,12,1.4,1.4,1,1,8,1.0,1,1.1,2,0.2,0,2.4,2.4,45.7,36,−9.7,546,28,12,8
Manchester City,Wolverhampton Wanderers,true,35,9,2,5,0.7,0.7,1,1,8,0.6,1,0.4,0,0.5,1,1.3,1.3,42.5,67,24.5,810,35,20,11
Bournemouth,Arsenal,false,35,9,2,6,1.1,1.1,2,2,8,0.8,1,1.4,1,0.1,0,1.9,1.9,34.5,60,25.5,528,9,18,2
Brentford,Manchester United,true,35,12,6,11,2.8,2.8,4,4,9,2.2,2,1.5,3,0.3,0,5.0,5.0,58.7,61,2.3,572,27,11,5
Brighton,Newcastle United,true,35,5,2,4,0.6,0.6,1,1,5,0.6,1,1.8,1,0.1,0,1.2,1.2,31.9,46,14.1,514,16,7,6
Aston Villa,Fulham,true,35,10,3,7,0.8,0.8,1,1,10,0.9,1,0.7,0,0.5,1,1.7,1.7,50.8,74,23.2,563,16,7,5
West Ham,Tottenham,true,35,11,2,6,0.7,0.7,1,1,6,0.6,1,0.7,1,0.4,0,1.3,1.3,44.7,41,−3.7,607,19,4,3
