player_id,team_id,opponent_team_id,was_home,player_name,player_number,nation,pos,age,minutes,total_completed_passes,total_attempted_passes,total_pass_completion_percentage,total_passing_distance,progressive_passing_distance,short_completed_passes,short_attempted_passes,short_pass_completion_percentage,medium_completed_passes,medium_attempted_passes,medium_pass_completion_percentage,long_completed_passes,long_attempted_passes,long_pass_completion_percentage,assists,xAG,xA,key_passes,passes_into_final_third,passes_into_penalty_area,crosses_into_penalty_area,progressive_passes,gw
180.0,6,8,True,Nicolas Jackson,15,sn SEN,FW,23-310,89,24,24,100.0,330,18,16,16,100.0,8,8,100.0,0,0,,0,0.0,0.0,0,1,1,0,2,34
696.0,6,8,True,Tyrique George,32,eng ENG,FW,19-081,1,0,1,0.0,0,0,0,1,0.0,0,0,,0,0,,0,0.0,0.0,0,0,0,0,0,34
177.0,6,8,True,Noni Madueke,11,eng ENG,"LW,WB",23-047,77,21,31,67.7,327,58,12,15,80.0,7,11,63.6,2,4,50.0,0,0.0,0.0,0,1,0,0,3,34
386.0,6,8,True,Jadon Sancho,19,eng ENG,WB,25-032,13,2,2,100.0,22,3,2,2,100.0,0,0,,0,0,,0,0.0,0.0,0,0,0,0,0,34
560.0,6,8,True,Pedro Neto,7,pt POR,"RW,WB",25-048,90,27,38,71.1,431,148,14,15,93.3,12,16,75.0,1,5,20.0,0,0.1,0.0,1,4,1,0,4,34
182.0,6,8,True,Cole Palmer,20,eng ENG,AM,22-355,89,32,38,84.2,656,136,16,18,88.9,9,10,90.0,7,10,70.0,0,0.1,0.1,2,4,3,2,3,34
166.0,6,8,True,Kiernan Dewsbury-Hall,22,eng ENG,AM,26-232,1,0,1,0.0,0,0,0,0,,0,0,,0,1,0.0,0,0.0,0.0,0,0,0,0,0,34
168.0,6,8,True,Enzo Fernández,8,ar ARG,"DM,AM",24-099,90,37,49,75.5,667,112,16,19,84.2,15,18,83.3,5,10,50.0,1,0.3,0.0,2,4,0,0,3,34
174.0,6,8,True,Roméo Lavia,45,be BEL,DM,21-110,66,33,39,84.6,551,164,14,15,93.3,16,19,84.2,2,3,66.7,0,0.1,0.0,1,4,0,0,5,34
172.0,6,8,True,Reece James,24,eng ENG,CM,25-139,24,11,14,78.6,167,38,4,5,80.0,7,7,100.0,0,2,0.0,0,0.0,0.0,0,0,0,0,1,34
163.0,6,8,True,Marc Cucurella,3,es ESP,"LB,CB",26-278,90,75,80,93.8,1384,451,29,31,93.5,39,41,95.1,6,6,100.0,0,0.1,0.0,1,5,0,0,7,34
162.0,6,8,True,Levi Colwill,6,eng ENG,CB,22-059,90,62,69,89.9,1190,549,21,25,84.0,32,32,100.0,8,11,72.7,0,0.0,0.0,0,3,0,0,2,34
159.0,6,8,True,Trevoh Chalobah,23,eng ENG,CB,25-295,90,62,69,89.9,1021,404,29,30,96.7,29,29,100.0,4,9,44.4,0,0.0,0.0,0,3,0,0,5,34
157.0,6,8,True,Moisés Caicedo,25,ec ECU,"RB,CM",23-175,90,56,67,83.6,840,200,35,39,89.7,16,19,84.2,3,5,60.0,0,0.0,0.0,0,5,0,0,6,34
185.0,6,8,True,Robert Sánchez,1,es ESP,GK,27-159,90,22,32,68.8,540,339,3,3,100.0,16,16,100.0,3,13,23.1,0,0.0,0.0,1,1,0,0,0,34
218.0,8,6,False,Beto,14,gw GNB,FW,27-085,63,4,8,50.0,56,0,2,3,66.7,2,5,40.0,0,0,,0,0.0,0.0,0,0,0,0,0,34
237.0,8,6,False,Youssef Chermiti,17,pt POR,FW,20-337,27,3,4,75.0,29,0,2,3,66.7,0,0,,0,0,,0,0.0,0.0,0,0,0,0,0,34
232.0,8,6,False,Iliman Ndiaye,10,sn SEN,LW,25-051,45,8,9,88.9,114,5,5,5,100.0,3,3,100.0,0,1,0.0,0,0.0,0.0,0,0,0,0,1,34
450.0,8,6,False,Carlos Alcaraz,24,ar ARG,LW,22-147,45,16,18,88.9,346,55,5,5,100.0,7,7,100.0,4,5,80.0,0,0.2,0.1,1,2,2,1,3,34
224.0,8,6,False,Jack Harrison,11,eng ENG,RW,28-157,62,11,20,55.0,233,101,5,6,83.3,2,5,40.0,3,6,50.0,0,0.0,0.0,1,1,1,1,2,34
230.0,8,6,False,Dwight McNeil,7,eng ENG,RW,25-155,28,12,17,70.6,128,29,11,12,91.7,1,2,50.0,0,2,0.0,0,0.0,0.0,0,2,0,0,0,34
217.0,8,6,False,Abdoulaye Doucouré,16,ml MLI,AM,32-115,90,19,26,73.1,281,62,10,11,90.9,8,10,80.0,0,1,0.0,0,0.0,0.0,0,1,0,0,4,34
223.0,8,6,False,James Garner,37,eng ENG,DM,24-044,90,49,58,84.5,911,266,17,17,100.0,29,33,87.9,3,7,42.9,0,0.0,0.0,0,5,0,0,5,34
222.0,8,6,False,Idrissa Gana Gueye,27,sn SEN,DM,35-212,90,32,38,84.2,615,207,17,17,100.0,9,10,90.0,6,9,66.7,0,0.0,0.0,0,4,0,0,4,34
231.0,8,6,False,Vitaliy Mykolenko,19,ua UKR,LB,25-332,90,38,49,77.6,637,216,19,23,82.6,15,19,78.9,3,6,50.0,0,0.2,0.1,1,1,2,2,3,34
219.0,8,6,False,Jarrad Branthwaite,32,eng ENG,CB,22-303,90,61,70,87.1,1186,568,25,26,96.2,26,31,83.9,9,12,75.0,0,0.0,0.0,0,4,0,0,3,34
582.0,8,6,False,Jake O'Brien,15,ie IRL,CB,23-346,90,51,53,96.2,1035,329,15,15,100.0,30,30,100.0,6,7,85.7,0,0.0,0.0,0,1,0,0,2,34
234.0,8,6,False,Nathan Patterson,2,sct SCO,RB,23-192,63,19,24,79.2,341,91,11,13,84.6,6,8,75.0,2,3,66.7,0,0.0,0.0,0,0,0,0,2,34
238.0,8,6,False,Ashley Young,18,eng ENG,RB,39-291,27,15,18,83.3,243,65,8,8,100.0,6,6,100.0,1,4,25.0,0,0.0,0.0,0,3,1,1,1,34
235.0,8,6,False,Jordan Pickford,1,eng ENG,GK,31-050,90,40,48,83.3,930,513,10,10,100.0,20,21,95.2,10,17,58.8,0,0.0,0.0,0,0,0,0,0,34
148.0,5,19,True,Danny Welbeck,18,eng ENG,FW,34-151,90,20,22,90.9,241,50,15,17,88.2,3,3,100.0,1,1,100.0,0,0.0,0.0,0,1,0,0,1,34
113.0,5,19,True,Simon Adingra,11,ci CIV,LW,23-115,62,14,18,77.8,222,12,9,10,90.0,4,7,57.1,1,1,100.0,0,0.1,0.0,1,0,0,0,0,34
136.0,5,19,True,Kaoru Mitoma,22,jp JPN,LW,27-341,28,7,13,53.8,102,10,4,5,80.0,3,5,60.0,0,1,0.0,0,0.0,0.0,0,1,0,0,1,34
132.0,5,19,True,Solly March,7,eng ENG,RW,30-280,62,20,32,62.5,289,60,13,15,86.7,3,8,37.5,2,5,40.0,0,0.0,0.0,0,2,0,0,1,34
135.0,5,19,True,Yankuba Minteh,17,gm GAM,RW,20-278,28,6,13,46.2,128,47,3,4,75.0,1,5,20.0,2,2,100.0,0,0.0,0.0,0,0,2,1,2,34
629.0,5,19,True,Matt O'Riley,33,dk DEN,AM,24-156,81,24,32,75.0,469,201,9,11,81.8,7,9,77.8,6,9,66.7,0,0.2,0.2,3,4,1,0,4,34
595.0,5,19,True,Brajan Gruda,8,de GER,AM,20-330,9,3,4,75.0,41,9,3,4,75.0,0,0,,0,0,,2,0.5,0.3,2,0,0,0,0,34
126.0,5,19,True,Jack Hinshelwood,41,eng ENG,DM,20-015,81,55,60,91.7,840,173,32,36,88.9,17,18,94.4,4,4,100.0,1,0.1,0.1,3,4,1,0,5,34
714.0,5,19,True,Diego Gómez,25,py PAR,DM,22-030,9,7,7,100.0,156,18,3,3,100.0,2,2,100.0,2,2,100.0,0,0.0,0.0,0,0,1,0,2,34
600.0,5,19,True,Yasin Ayari,26,se SWE,DM,21-202,90,45,53,84.9,645,119,26,30,86.7,17,18,94.4,1,4,25.0,0,0.1,0.1,2,6,0,0,1,34
122.0,5,19,True,Pervis Estupiñán,30,ec ECU,LB,27-095,90,51,70,72.9,795,307,28,30,93.3,21,28,75.0,2,10,20.0,0,0.0,0.0,0,10,1,0,14,34
115.0,5,19,True,Carlos Baleba,20,cm CMR,CB,21-113,90,63,69,91.3,1092,216,23,26,88.5,37,38,97.4,2,2,100.0,0,0.0,0.0,0,2,0,0,3,34
120.0,5,19,True,Lewis Dunk,5,eng ENG,CB,33-156,90,63,67,94.0,1073,357,25,27,92.6,37,37,100.0,1,2,50.0,0,0.0,0.0,0,2,0,0,5,34
149.0,5,19,True,Mats Wieffer,27,nl NED,RB,25-161,90,65,76,85.5,986,248,35,38,92.1,26,29,89.7,3,6,50.0,0,0.0,0.1,1,5,2,0,9,34
146.0,5,19,True,Bart Verbruggen,1,nl NED,GK,22-251,90,23,29,79.3,490,356,8,8,100.0,8,8,100.0,6,11,54.5,0,0.0,0.0,0,0,0,0,0,34
514.0,19,5,False,Jarrod Bowen,20,eng ENG,"RW,FW",28-127,90,22,27,81.5,446,125,9,9,100.0,7,12,58.3,5,5,100.0,2,1.0,0.9,4,0,2,1,1,34
525.0,19,5,False,Mohammed Kudus,14,gh GHA,"LW,FW",24-267,90,20,24,83.3,395,103,8,9,88.9,8,10,80.0,3,3,100.0,0,0.0,0.0,0,2,1,0,3,34
530.0,19,5,False,Tomáš Souček,28,cz CZE,CM,30-058,90,23,27,85.2,390,84,13,15,86.7,8,10,80.0,2,2,100.0,0,0.0,0.0,0,1,0,0,2,34
531.0,19,5,False,James Ward-Prowse,8,eng ENG,CM,30-176,45,36,38,94.7,574,101,24,24,100.0,8,9,88.9,4,5,80.0,0,0.0,0.0,1,4,0,0,2,34
589.0,19,5,False,Niclas Füllkrug,11,de GER,FW,32-076,45,3,6,50.0,37,23,2,2,100.0,1,3,33.3,0,1,0.0,0,0.0,0.0,0,1,0,0,0,34
527.0,19,5,False,Lucas Paquetá,10,br BRA,CM,27-242,90,57,68,83.8,997,329,30,33,90.9,21,24,87.5,6,7,85.7,0,0.0,0.1,1,7,2,0,11,34
520.0,19,5,False,Emerson Palmieri,33,it ITA,"WB,LM",30-266,85,36,43,83.7,562,120,16,17,94.1,20,21,95.2,0,2,0.0,0,0.0,0.0,0,4,0,0,4,34
516.0,19,5,False,Vladimír Coufal,5,cz CZE,LM,32-247,5,1,2,50.0,30,25,0,0,,1,1,100.0,0,0,,0,0.0,0.0,0,0,0,0,0,34
388.0,19,5,False,Aaron Wan-Bissaka,29,eng ENG,"RM,WB",27-151,90,43,50,86.0,634,209,26,26,100.0,17,21,81.0,0,1,0.0,0,0.1,0.1,2,4,3,0,7,34
524.0,19,5,False,Max Kilman,26,eng ENG,CB,27-338,90,69,78,88.5,1278,275,22,25,88.0,39,39,100.0,7,11,63.6,0,0.0,0.1,1,4,1,0,3,34
528.0,19,5,False,Konstantinos Mavropanos,15,gr GRE,CB,27-136,90,50,55,90.9,1046,334,13,14,92.9,29,30,96.7,8,11,72.7,0,0.0,0.0,1,2,0,0,2,34
591.0,19,5,False,Jean-Clair Todibo,25,fr FRA,CB,25-117,90,49,53,92.5,880,270,18,18,100.0,28,29,96.6,2,4,50.0,0,0.0,0.0,0,3,0,0,1,34
513.0,19,5,False,Alphonse Areola,23,fr FRA,GK,32-058,90,32,40,80.0,852,568,8,8,100.0,16,16,100.0,8,16,50.0,0,0.0,0.0,0,2,0,0,0,34
566.0,20,11,True,Jørgen Strand Larsen,9,no NOR,FW,25-079,76,10,17,58.8,149,25,5,9,55.6,2,2,100.0,2,4,50.0,0,0.0,0.0,0,1,0,0,2,34
563.0,20,11,True,Rodrigo Gomes,19,pt POR,WB,21-293,14,5,6,83.3,56,27,3,3,100.0,1,1,100.0,0,1,0.0,0,0.1,0.0,1,0,0,0,0,34
784.0,20,11,True,Matheus Cunha,10,br BRA,"AM,FW",25-334,88,45,49,91.8,713,244,25,26,96.2,11,13,84.6,6,7,85.7,2,0.5,0.2,5,7,4,1,10,34
655.0,20,11,True,Carlos Forbs,26,pt POR,WB,21-038,2,4,4,100.0,49,0,3,3,100.0,1,1,100.0,0,0,,0,0.0,0.0,0,0,0,0,0,34
770.0,20,11,True,Marshall Munetsi,5,zw ZIM,"AM,CM",28-308,90,18,20,90.0,259,61,11,12,91.7,6,6,100.0,1,2,50.0,0,0.6,0.9,3,1,0,0,1,34
642.0,20,11,True,André,7,br BRA,CM,23-284,83,48,52,92.3,745,167,28,29,96.6,14,15,93.3,4,5,80.0,0,0.0,0.0,1,2,0,0,2,34
535.0,20,11,True,Jean-Ricner Bellegarde,27,fr FRA,CM,26-303,7,2,4,50.0,32,12,1,2,50.0,1,1,100.0,0,1,0.0,0,0.0,0.0,0,0,0,0,1,34
553.0,20,11,True,João Gomes,8,br BRA,CM,24-073,90,53,64,82.8,748,104,32,36,88.9,16,19,84.2,3,4,75.0,0,0.1,0.0,1,1,1,0,4,34
533.0,20,11,True,Rayan Aït-Nouri,3,dz ALG,WB,23-324,76,54,69,78.3,738,174,34,38,89.5,16,22,72.7,2,5,40.0,1,0.3,0.2,1,1,2,2,0,34
565.0,20,11,True,Pablo Sarabia,21,es ESP,FW,32-350,14,8,11,72.7,189,77,4,5,80.0,1,1,100.0,3,4,75.0,0,0.0,0.0,0,2,0,0,1,34
559.0,20,11,True,Nélson Semedo,22,pt POR,WB,31-161,88,38,46,82.6,517,176,21,23,91.3,13,16,81.3,1,2,50.0,0,0.1,0.1,2,2,3,2,4,34
548.0,20,11,True,Gonçalo Guedes,29,pt POR,FW,28-148,2,0,0,,0,0,0,0,,0,0,,0,0,,0,0.0,0.0,0,0,0,0,0,34
567.0,20,11,True,Toti Gomes,24,pt POR,CB,26-100,90,82,88,93.2,1317,479,39,41,95.1,38,39,97.4,3,4,75.0,0,0.0,0.0,2,3,0,0,3,34
720.0,20,11,True,Emmanuel Agbadou,12,ci CIV,CB,27-313,90,88,98,89.8,1819,584,23,23,100.0,53,55,96.4,12,19,63.2,0,0.2,0.2,2,2,0,0,1,34
543.0,20,11,True,Matt Doherty,2,ie IRL,CB,33-100,83,74,79,93.7,1538,473,26,27,96.3,37,39,94.9,10,12,83.3,0,0.0,0.0,0,2,1,0,2,34
564.0,20,11,True,Santiago Bueno,4,uy URU,CB,26-168,7,4,4,100.0,74,30,1,1,100.0,3,3,100.0,0,0,,0,0.0,0.0,0,1,0,0,0,34
204.0,20,11,True,José Sá,1,pt POR,GK,32-099,90,34,40,85.0,809,444,3,3,100.0,24,24,100.0,5,11,45.5,0,0.0,0.0,0,0,0,0,0,34
306.0,11,20,False,Jamie Vardy,9,eng ENG,FW,38-105,90,8,15,53.3,138,11,2,4,50.0,3,6,50.0,2,2,100.0,0,0.0,0.0,0,0,0,0,0,34
290.0,11,20,False,Bobby De Cordova-Reid,14,jm JAM,LW,32-083,44,6,8,75.0,88,35,2,2,100.0,2,4,50.0,1,1,100.0,0,0.0,0.0,0,1,0,0,1,34
192.0,11,20,False,Jordan Ayew,18,gh GHA,"LW,AM",33-227,46,18,24,75.0,333,85,8,8,100.0,6,9,66.7,4,6,66.7,0,0.0,0.1,1,1,1,1,2,34
117.0,11,20,False,Facundo Buonanotte,40,ar ARG,RW,20-124,45,10,13,76.9,157,20,4,5,80.0,4,4,100.0,1,2,50.0,0,0.0,0.0,0,1,0,0,1,34
299.0,11,20,False,Kasey McAteer,35,ie IRL,RW,23-155,45,11,14,78.6,163,26,7,9,77.8,3,3,100.0,1,1,100.0,0,0.0,0.0,0,0,1,0,1,34
635.0,11,20,False,Bilal El Khannouss,11,ma MAR,AM,20-351,82,29,38,76.3,502,157,11,14,78.6,13,15,86.7,3,4,75.0,0,0.1,0.4,2,3,2,0,6,34
792.0,11,20,False,Jeremy Monga,93,,LW,,8,1,3,33.3,13,1,1,1,100.0,0,0,,0,0,,0,0.0,0.0,0,0,0,0,0,34
285.0,11,20,False,Boubakary Soumaré,24,fr FRA,DM,26-058,45,18,20,90.0,285,92,11,12,91.7,6,7,85.7,1,1,100.0,0,0.0,0.0,0,0,0,0,1,34
501.0,11,20,False,Oliver Skipp,22,eng ENG,DM,24-222,45,32,33,97.0,561,162,13,14,92.9,14,14,100.0,2,2,100.0,0,0.0,0.0,0,0,0,0,4,34
300.0,11,20,False,Wilfred Ndidi,6,ng NGA,DM,28-131,90,42,50,84.0,592,193,24,26,92.3,14,17,82.4,1,1,100.0,0,0.0,0.1,1,6,1,1,5,34
305.0,11,20,False,Luke Thomas,33,eng ENG,LB,23-320,90,50,62,80.6,944,263,23,25,92.0,21,24,87.5,6,10,60.0,0,0.0,0.0,0,3,0,0,3,34
288.0,11,20,False,Conor Coady,4,eng ENG,CB,32-060,90,54,58,93.1,891,379,22,23,95.7,26,27,96.3,4,6,66.7,0,0.0,0.0,0,2,0,0,2,34
291.0,11,20,False,Wout Faes,3,be BEL,CB,27-023,90,60,64,93.8,1144,415,22,23,95.7,32,32,100.0,6,7,85.7,0,0.0,0.0,0,3,0,0,2,34
302.0,11,20,False,Ricardo Pereira,21,pt POR,RB,31-202,45,29,35,82.9,497,144,12,14,85.7,13,16,81.3,3,4,75.0,0,0.0,0.0,0,2,0,0,1,34
295.0,11,20,False,James Justin,2,eng ENG,RB,27-062,45,28,33,84.8,485,158,13,15,86.7,12,12,100.0,3,4,75.0,0,0.1,0.0,1,5,0,0,6,34
293.0,11,20,False,Mads Hermansen,30,dk DEN,GK,24-289,90,28,40,70.0,637,434,7,8,87.5,16,17,94.1,5,15,33.3,0,0.0,0.0,0,0,0,0,0,34
473.0,17,9,True,Ross Stewart,11,sct SCO,FW,28-289,65,4,7,57.1,39,5,3,6,50.0,1,1,100.0,0,0,,0,0.0,0.0,0,0,0,0,0,34
27.0,17,9,True,Cameron Archer,19,eng ENG,FW,23-279,25,5,7,71.4,64,0,2,3,66.7,2,2,100.0,0,0,,0,0.0,0.0,0,0,0,0,0,34
462.0,17,9,True,Kamaldeen Sulemana,20,gh GHA,"AM,LM",23-070,77,11,13,84.6,120,13,9,9,100.0,2,4,50.0,0,0,,0,0.0,0.0,0,0,1,0,1,34
608.0,17,9,True,Tyler Dibling,33,eng ENG,LM,19-045,13,6,9,66.7,105,34,2,3,66.7,3,4,75.0,1,2,50.0,0,0.0,0.0,0,1,0,0,1,34
623.0,17,9,True,Mateus Fernandes,18,pt POR,"AM,RM",20-290,85,28,30,93.3,404,62,17,17,100.0,7,8,87.5,2,2,100.0,0,0.0,0.0,0,3,0,0,3,34
457.0,17,9,True,James Bree,14,eng ENG,RB,27-197,5,3,4,75.0,44,15,1,1,100.0,2,2,100.0,0,0,,0,0.0,0.0,0,1,0,0,1,34
188.0,17,9,True,Lesley Ugochukwu,26,fr FRA,CM,21-031,90,27,33,81.8,467,113,12,14,85.7,13,14,92.9,2,3,66.7,0,0.0,0.0,1,0,0,0,1,34
518.0,17,9,True,Flynn Downes,4,eng ENG,CM,26-096,90,30,36,83.3,408,96,17,20,85.0,11,14,78.6,0,0,,0,0.2,0.0,1,2,1,0,3,34
467.0,17,9,True,Ryan Manning,3,ie IRL,"LB,WB",28-316,90,15,30,50.0,224,86,7,10,70.0,6,10,60.0,1,8,12.5,1,0.3,0.2,3,2,0,0,1,34
476.0,17,9,True,Kyle Walker-Peters,2,eng ENG,"WB,RB,RM",28-013,90,30,35,85.7,417,195,21,21,100.0,6,7,85.7,2,5,40.0,0,0.0,0.0,0,4,0,0,2,34
472.0,17,9,True,Jack Stephens,5,eng ENG,CB,31-089,90,22,25,88.0,309,51,13,13,100.0,8,11,72.7,0,0,,0,0.0,0.0,0,0,0,0,1,34
455.0,17,9,True,Jan Bednarek,35,pl POL,CB,29-014,90,23,25,92.0,437,101,7,8,87.5,12,12,100.0,3,4,75.0,0,0.0,0.0,0,1,0,0,0,34
461.0,17,9,True,Taylor Harwood-Bellis,6,eng ENG,CB,23-086,90,35,44,79.5,639,333,12,15,80.0,19,20,95.0,4,7,57.1,0,0.0,0.0,0,3,0,0,4,34
14.0,17,9,True,Aaron Ramsdale,30,eng ENG,GK,26-347,90,16,40,40.0,645,541,4,4,100.0,4,4,100.0,8,32,25.0,0,0.0,0.0,0,0,0,0,0,34
252.0,9,17,False,Raúl Jiménez,7,mx MEX,FW,33-356,90,19,25,76.0,291,81,11,15,73.3,7,9,77.8,1,1,100.0,0,0.0,0.1,0,1,1,0,4,34
772.0,9,17,False,Willian,22,br BRA,LW,36-260,65,41,48,85.4,727,263,22,23,95.7,15,20,75.0,4,4,100.0,0,0.2,0.4,3,6,3,1,9,34
19.0,9,17,False,Emile Smith Rowe,32,eng ENG,"AM,LW",24-272,25,15,17,88.2,171,35,14,16,87.5,1,1,100.0,0,0,,0,0.0,0.0,0,1,0,0,4,34
259.0,9,17,False,Harry Wilson,8,wls WAL,"RW,RM,DM",28-035,85,27,39,69.2,476,98,13,17,76.5,8,13,61.5,5,7,71.4,0,0.1,0.1,2,2,2,1,3,34
258.0,9,17,False,Carlos Vinícius,12,br BRA,AM,30-032,5,1,1,100.0,14,0,1,1,100.0,0,0,,0,0,,0,0.0,0.0,0,0,0,0,0,34
247.0,9,17,False,Alex Iwobi,17,ng NGA,"LM,LW",28-358,85,42,58,72.4,654,194,18,21,85.7,21,28,75.0,2,4,50.0,1,0.2,0.2,1,6,3,1,11,34
243.0,9,17,False,Tom Cairney,10,sct SCO,DM,34-096,5,7,9,77.8,102,29,6,6,100.0,0,1,0.0,1,1,100.0,0,0.2,0.1,1,0,0,0,0,34
622.0,9,17,False,Sander Berge,16,no NOR,CM,27-071,45,28,29,96.6,493,138,10,11,90.9,16,16,100.0,2,2,100.0,0,0.0,0.0,0,1,0,0,5,34
249.0,9,17,False,Saša Lukić,20,rs SRB,"DM,CM",28-256,45,29,33,87.9,459,149,14,15,93.3,13,15,86.7,1,2,50.0,0,0.0,0.0,1,5,0,0,4,34
240.0,9,17,False,Andreas Pereira,18,br BRA,RM,29-115,45,17,26,65.4,296,81,8,9,88.9,6,7,85.7,3,10,30.0,0,0.1,0.1,2,0,0,0,1,34
239.0,9,17,False,Adama Traoré,11,es ESP,RW,29-091,45,15,19,78.9,239,82,8,10,80.0,6,7,85.7,1,1,100.0,1,0.6,0.4,4,0,5,3,4,34
579.0,9,17,False,Ryan Sessegnon,30,eng ENG,LB,24-343,90,47,62,75.8,674,193,31,34,91.2,14,21,66.7,2,4,50.0,0,0.3,0.2,4,5,2,1,10,34
241.0,9,17,False,Calvin Bassey,3,ng NGA,CB,25-116,90,77,82,93.9,1280,441,30,31,96.8,46,48,95.8,1,2,50.0,0,0.0,0.0,0,12,0,0,9,34
191.0,9,17,False,Joachim Andersen,5,dk DEN,CB,28-330,90,78,86,90.7,1544,542,22,27,81.5,51,52,98.1,5,6,83.3,0,0.0,0.1,0,8,1,1,3,34
257.0,9,17,False,Kenny Tete,2,nl NED,RB,29-199,90,53,66,80.3,717,144,33,35,94.3,20,24,83.3,0,5,0.0,0,0.1,0.1,2,3,1,1,4,34
248.0,9,17,False,Bernd Leno,1,de GER,GK,33-053,90,21,22,95.5,378,270,4,4,100.0,14,14,100.0,2,3,66.7,0,0.0,0.0,0,0,0,0,0,34
401.0,15,10,True,Alexander Isak,14,se SWE,FW,25-217,76,18,21,85.7,232,26,13,13,100.0,4,5,80.0,1,2,50.0,0,0.0,0.1,0,0,3,0,3,34
590.0,15,10,True,William Osula,18,dk DEN,FW,21-265,14,7,8,87.5,72,9,6,6,100.0,1,2,50.0,0,0,,0,0.0,0.0,0,0,0,0,1,34
392.0,15,10,True,Harvey Barnes,11,eng ENG,"LW,RW",27-138,76,39,47,83.0,511,87,25,27,92.6,13,18,72.2,0,0,,0,0.3,0.2,2,2,1,0,6,34
421.0,15,10,True,Callum Wilson,9,eng ENG,RW,33-058,14,1,1,100.0,29,0,0,0,,1,1,100.0,0,0,,0,0.0,0.0,0,0,0,0,0,34
402.0,15,10,True,Jacob Murphy,23,eng ENG,RW,30-061,66,31,49,63.3,550,130,19,24,79.2,8,13,61.5,4,8,50.0,0,0.3,0.2,2,1,2,1,2,34
398.0,15,10,True,Anthony Gordon,10,eng ENG,LW,24-061,24,19,20,95.0,232,75,13,14,92.9,3,3,100.0,1,1,100.0,0,0.0,0.1,1,0,1,0,1,34
420.0,15,10,True,Joe Willock,28,eng ENG,LM,25-249,66,25,30,83.3,323,55,13,14,92.9,8,10,80.0,1,2,50.0,0,0.3,0.1,3,2,0,0,1,34
411.0,15,10,True,Lewis Miley,67,eng ENG,RM,18-360,24,21,23,91.3,316,53,14,14,100.0,6,6,100.0,1,1,100.0,0,0.0,0.2,0,2,0,0,1,34
417.0,15,10,True,Sandro Tonali,8,it ITA,CM,24-353,90,67,73,91.8,1237,360,23,23,100.0,33,35,94.3,9,12,75.0,0,0.4,0.5,7,4,8,1,17,34
394.0,15,10,True,Bruno Guimarães,39,br BRA,"RM,LM",27-161,90,54,66,81.8,933,288,21,21,100.0,29,31,93.5,2,7,28.6,0,0.1,0.2,2,8,7,1,14,34
409.0,15,10,True,Valentino Livramento,21,eng ENG,LB,22-165,90,58,61,95.1,809,204,36,37,97.3,18,20,90.0,2,2,100.0,0,0.0,0.1,0,8,0,0,7,34
395.0,15,10,True,Dan Burn,33,eng ENG,CB,32-352,90,54,58,93.1,1144,335,11,13,84.6,39,40,97.5,4,5,80.0,0,0.1,0.0,1,5,0,0,2,34
415.0,15,10,True,Fabian Schär,5,ch SUI,CB,33-127,82,67,74,90.5,1384,456,21,22,95.5,38,39,97.4,7,11,63.6,0,0.0,0.0,0,15,0,0,8,34
393.0,15,10,True,Sven Botman,4,nl NED,CB,25-104,8,6,7,85.7,117,45,3,3,100.0,2,2,100.0,1,1,100.0,0,0.0,0.0,0,3,0,0,0,34
418.0,15,10,True,Kieran Trippier,2,eng ENG,RB,34-219,90,129,147,87.8,2038,634,71,75,94.7,43,49,87.8,9,13,69.2,2,0.5,0.5,3,12,7,1,28,34
413.0,15,10,True,Nick Pope,22,eng ENG,GK,33-007,90,13,13,100.0,312,180,1,1,100.0,7,7,100.0,3,3,100.0,0,0.0,0.0,1,0,0,0,0,34
268.0,10,15,False,Liam Delap,19,eng ENG,FW,22-077,70,6,11,54.5,58,1,3,4,75.0,1,2,50.0,0,1,0.0,0,0.0,0.0,0,0,0,0,0,34
272.0,10,15,False,George Hirst,27,sct SCO,FW,26-070,20,4,4,100.0,40,13,2,2,100.0,1,1,100.0,0,0,,0,0.0,0.0,0,0,0,0,1,34
121.0,10,15,False,Julio Enciso,9,py PAR,"FW,CM",21-093,70,9,15,60.0,160,36,2,3,66.7,5,6,83.3,1,4,25.0,0,0.0,0.0,0,1,1,1,0,34
265.0,10,15,False,Conor Chaplin,10,eng ENG,CM,28-069,20,2,2,100.0,26,0,1,1,100.0,1,1,100.0,0,0,,0,0.0,0.0,0,0,0,0,0,34
631.0,10,15,False,Jack Clarke,47,eng ENG,LM,24-154,39,7,12,58.3,84,48,6,8,75.0,1,4,25.0,0,0,,0,0.0,0.0,1,1,0,0,1,34
715.0,10,15,False,Ben Godfrey,44,eng ENG,RB,27-101,51,1,2,50.0,25,23,0,0,,1,1,100.0,0,0,,0,0.0,0.0,0,0,0,0,0,34
281.0,10,15,False,Jack Taylor,14,ie IRL,CM,26-307,85,13,17,76.5,195,44,8,9,88.9,5,6,83.3,0,1,0.0,0,0.0,0.0,0,1,0,0,2,34
277.0,10,15,False,Massimo Luongo,25,au AUS,CM,32-213,5,4,4,100.0,62,0,3,3,100.0,0,0,,1,1,100.0,0,0.0,0.0,0,0,0,0,0,34
278.0,10,15,False,Sam Morsy,5,eg EGY,CM,33-228,90,15,20,75.0,269,89,7,7,100.0,6,6,100.0,2,5,40.0,0,0.0,0.0,1,2,0,0,2,34
275.0,10,15,False,Ben Johnson,18,eng ENG,RM,25-092,36,4,7,57.1,61,34,2,3,66.7,2,3,66.7,0,0,,0,0.0,0.0,0,0,1,0,1,34
270.0,10,15,False,Jacob Greaves,24,eng ENG,LB,24-226,90,17,27,63.0,255,115,11,12,91.7,6,14,42.9,0,1,0.0,0,0.0,0.0,0,3,0,0,3,34
263.0,10,15,False,Cameron Burgess,15,au AUS,CB,29-187,90,18,23,78.3,374,218,7,7,100.0,4,6,66.7,6,8,75.0,0,0.0,0.0,0,3,0,0,2,34
284.0,10,15,False,Luke Woolfenden,6,eng ENG,CB,26-187,90,13,16,81.3,250,114,6,6,100.0,5,6,83.3,2,4,50.0,0,0.0,0.0,0,0,0,0,0,34
630.0,10,15,False,Dara O'Shea,26,ie IRL,"CB,RB",26-053,90,5,8,62.5,106,41,0,0,,5,8,62.5,0,0,,0,0.0,0.0,0,0,0,0,0,34
764.0,10,15,False,Alex Palmer,31,eng ENG,GK,28-259,90,16,38,42.1,846,772,1,1,100.0,2,2,100.0,13,35,37.1,0,0.0,0.0,0,3,0,0,0,34
617.0,3,14,True,Evanilson,9,br BRA,FW,25-203,69,11,15,73.3,100,2,7,7,100.0,1,2,50.0,0,1,0.0,1,0.1,0.2,1,0,0,0,0,34
74.0,3,14,True,Dango Ouattara,11,bf BFA,"LW,FW,RM",23-075,89,15,25,60.0,148,43,9,12,75.0,3,4,75.0,0,2,0.0,0,0.0,0.0,1,0,1,1,0,34
69.0,3,14,True,Daniel Jebbison,21,eng ENG,FW,21-257,1,1,1,100.0,4,0,0,0,,0,0,,0,0,,0,0.0,0.0,0,0,0,0,0,34
78.0,3,14,True,Antoine Semenyo,24,gh GHA,"RW,FW",25-110,84,15,21,71.4,196,83,5,7,71.4,5,7,71.4,1,3,33.3,0,0.0,0.0,0,1,0,0,3,34
79.0,3,14,True,Marcos Senesi,5,ar ARG,CB,27-352,6,0,1,0.0,0,0,0,0,,0,0,,0,1,0.0,0,0.0,0.0,0,0,0,0,0,34
71.0,3,14,True,Justin Kluivert,19,nl NED,AM,25-357,71,21,24,87.5,202,27,12,13,92.3,4,5,80.0,0,1,0.0,0,0.0,0.1,1,0,1,0,1,34
83.0,3,14,True,Marcus Tavernier,16,eng ENG,"CM,LM",26-036,19,5,9,55.6,27,6,3,5,60.0,0,0,,0,0,,0,0.0,0.0,0,0,0,0,0,34
77.0,3,14,True,Alex Scott,8,eng ENG,DM,21-249,71,19,27,70.4,266,95,8,10,80.0,3,3,100.0,3,6,50.0,0,0.0,0.0,1,2,0,0,0,34
64.0,3,14,True,Lewis Cook,4,eng ENG,CM,28-083,19,3,5,60.0,57,29,1,2,50.0,1,1,100.0,1,2,50.0,0,0.0,0.0,0,0,0,0,0,34
60.0,3,14,True,Tyler Adams,12,us USA,"DM,CM",26-072,90,28,36,77.8,344,111,17,19,89.5,7,11,63.6,0,1,0.0,0,0.1,0.1,1,1,0,0,0,34
70.0,3,14,True,Milos Kerkez,3,hu HUN,LB,21-171,90,34,50,68.0,438,222,19,23,82.6,11,16,68.8,1,4,25.0,0,0.1,0.1,1,0,1,0,2,34
580.0,3,14,True,Dean Huijsen,2,es ESP,CB,20-013,90,27,39,69.2,474,160,11,13,84.6,15,16,93.8,1,8,12.5,0,0.0,0.0,0,4,0,0,5,34
85.0,3,14,True,Illia Zabarnyi,27,ua UKR,CB,22-238,90,17,26,65.4,257,56,7,10,70.0,9,12,75.0,0,2,0.0,0,0.0,0.0,0,2,0,0,2,34
81.0,3,14,True,Adam Smith,15,eng ENG,RB,33-363,90,21,28,75.0,327,176,13,14,92.9,4,7,57.1,3,4,75.0,0,0.1,0.1,1,2,2,2,1,34
152.0,3,14,True,Kepa Arrizabalaga,13,es ESP,GK,30-206,90,18,28,64.3,576,440,4,4,100.0,6,6,100.0,8,18,44.4,0,0.0,0.0,0,1,0,0,0,34
375.0,14,3,False,Rasmus Højlund,9,dk DEN,FW,22-082,90,14,20,70.0,171,14,9,12,75.0,2,4,50.0,1,1,100.0,0,0.1,0.0,1,0,0,0,0,34
366.0,14,3,False,Bruno Fernandes,8,pt POR,"AM,CM",30-231,90,60,80,75.0,1044,398,28,32,87.5,21,24,87.5,9,19,47.4,0,0.9,0.5,7,5,10,2,17,34
372.0,14,3,False,Alejandro Garnacho,17,ar ARG,"AM,LW,LM",20-300,90,21,29,72.4,270,48,14,18,77.8,5,6,83.3,1,1,100.0,0,0.1,0.1,1,1,1,0,4,34
368.0,14,3,False,Casemiro,18,br BRA,CM,33-063,64,33,45,73.3,475,243,15,17,88.2,11,14,78.6,2,5,40.0,0,0.0,0.0,1,4,1,0,5,34
652.0,14,3,False,Manuel Ugarte Ribeiro,25,uy URU,"DM,CB,CM",24-016,26,32,33,97.0,489,104,18,19,94.7,13,13,100.0,1,1,100.0,1,0.5,0.0,2,5,0,0,2,34
378.0,14,3,False,Kobbie Mainoo,37,eng ENG,CM,20-008,64,19,23,82.6,242,28,8,9,88.9,4,6,66.7,2,2,100.0,0,0.0,0.0,1,0,0,0,1,34
382.0,14,3,False,Mason Mount,7,eng ENG,"CM,RM,AM",26-107,26,16,21,76.2,185,36,14,17,82.4,2,4,50.0,0,0,,0,0.0,0.0,0,1,1,0,3,34
766.0,14,3,False,Patrick Dorgu,13,dk DEN,"WB,RW",20-183,89,32,44,72.7,361,84,21,25,84.0,7,11,63.6,0,2,0.0,0,0.0,0.0,1,1,0,0,1,34
370.0,14,3,False,Christian Eriksen,14,dk DEN,CM,33-072,1,5,6,83.3,82,9,2,3,66.7,3,3,100.0,0,0,,0,0.0,0.0,1,0,0,0,0,34
594.0,14,3,False,Noussair Mazraoui,3,ma MAR,WB,27-164,74,22,25,88.0,229,106,18,20,90.0,2,3,66.7,0,0,,0,0.0,0.0,1,2,0,0,0,34
776.0,14,3,False,Chidozie Obi-Martin,56,dk DEN,FW,17-149,16,1,1,100.0,4,2,0,0,,0,0,,0,0,,0,0.0,0.0,0,0,0,0,0,34
387.0,14,3,False,Luke Shaw,23,eng ENG,"CB,LB",29-289,90,57,73,78.1,864,374,31,33,93.9,20,26,76.9,4,8,50.0,0,0.4,0.6,3,6,2,0,11,34
377.0,14,3,False,Harry Maguire,5,eng ENG,CB,32-053,65,24,29,82.8,493,235,7,7,100.0,13,15,86.7,4,6,66.7,0,0.0,0.0,0,3,0,0,1,34
376.0,14,3,False,Victor Lindelöf,2,se SWE,CB,30-284,25,15,15,100.0,237,85,7,7,100.0,8,8,100.0,0,0,,0,0.0,0.0,0,0,0,0,2,34
572.0,14,3,False,Leny Yoro,15,fr FRA,"CB,RB",19-165,90,37,41,90.2,494,129,22,22,100.0,13,16,81.3,0,0,,0,0.0,0.0,1,1,2,0,5,34
383.0,14,3,False,André Onana,24,cm CMR,GK,29-025,90,28,37,75.7,664,423,7,7,100.0,16,16,100.0,5,13,38.5,0,0.0,0.0,0,1,0,0,0,34
327.0,12,18,True,Luis Díaz,7,co COL,"FW,LW",28-104,75,14,18,77.8,208,45,8,11,72.7,4,5,80.0,1,1,100.0,0,0.0,0.0,1,2,0,0,1,34
319.0,12,18,True,Harvey Elliott,19,eng ENG,AM,22-023,15,14,15,93.3,210,40,7,7,100.0,5,5,100.0,1,2,50.0,0,0.0,0.1,1,2,0,0,2,34
321.0,12,18,True,Cody Gakpo,18,nl NED,LW,25-355,67,12,20,60.0,193,23,6,9,66.7,6,10,60.0,0,1,0.0,0,0.0,0.0,1,0,0,0,2,34
317.0,12,18,True,Diogo Jota,20,pt POR,"FW,LW",28-144,23,8,8,100.0,186,52,3,3,100.0,3,3,100.0,2,2,100.0,0,0.0,0.0,0,1,0,0,0,34
328.0,12,18,True,Mohamed Salah,11,eg EGY,RW,32-316,90,26,36,72.2,302,102,19,23,82.6,6,7,85.7,0,4,0.0,0,0.7,0.3,5,0,2,0,2,34
336.0,12,18,True,Dominik Szoboszlai,8,hu HUN,AM,24-184,67,19,23,82.6,303,77,8,8,100.0,10,11,90.9,1,2,50.0,2,1.1,0.6,8,4,0,0,4,34
324.0,12,18,True,Curtis Jones,17,eng ENG,"DM,AM,LW",24-087,23,21,23,91.3,307,51,13,13,100.0,3,5,60.0,3,3,100.0,0,0.0,0.0,0,2,0,0,2,34
329.0,12,18,True,Alexis Mac Allister,10,ar ARG,DM,26-124,82,35,42,83.3,465,127,21,22,95.5,10,12,83.3,1,4,25.0,0,0.1,0.6,2,2,0,0,1,34
316.0,12,18,True,Darwin Núñez,9,uy URU,FW,25-307,8,3,3,100.0,54,20,1,1,100.0,2,2,100.0,0,0,,0,0.0,0.0,0,0,0,0,2,34
323.0,12,18,True,Ryan Gravenberch,38,nl NED,DM,22-346,90,35,41,85.4,485,205,18,19,94.7,10,12,83.3,2,2,100.0,1,0.1,0.0,1,5,1,0,8,34
335.0,12,18,True,Andrew Robertson,26,sct SCO,LB,31-047,90,51,66,77.3,939,272,24,28,85.7,23,28,82.1,4,8,50.0,0,0.0,0.0,0,5,1,1,2,34
339.0,12,18,True,Virgil van Dijk,4,nl NED,CB,33-293,90,75,81,92.6,1356,535,29,30,96.7,39,40,97.5,5,8,62.5,0,0.0,0.1,1,7,1,0,4,34
326.0,12,18,True,Ibrahima Konaté,5,fr FRA,CB,25-337,90,68,79,86.1,1245,408,25,27,92.6,40,42,95.2,3,9,33.3,0,0.0,0.0,0,3,0,0,1,34
311.0,12,18,True,Trent Alexander-Arnold,66,eng ENG,RB,26-202,75,32,44,72.7,589,221,13,15,86.7,17,21,81.0,2,8,25.0,0,0.0,0.0,0,3,0,0,7,34
320.0,12,18,True,Wataru Endo,3,jp JPN,RB,32-077,15,9,10,90.0,170,65,4,5,80.0,3,3,100.0,2,2,100.0,0,0.0,0.0,0,0,0,0,0,34
,12,18,True,Alisson,1,br BRA,GK,32-207,90,40,42,95.2,856,457,5,5,100.0,29,29,100.0,6,8,75.0,0,0.0,0.0,0,0,0,0,0,34
82.0,18,12,False,Dominic Solanke,19,eng ENG,FW,27-225,67,2,7,28.6,22,1,2,4,50.0,0,0,,0,0,,0,0.0,0.0,0,0,0,0,0,34
497.0,18,12,False,Richarlison,9,br BRA,FW,27-352,23,2,2,100.0,23,0,1,1,100.0,1,1,100.0,0,0,,0,0.0,0.0,0,0,0,0,0,34
768.0,18,12,False,Mathys Tel,11,fr FRA,LW,20-000,67,8,15,53.3,135,66,4,6,66.7,2,4,50.0,1,1,100.0,0,0.0,0.1,0,0,0,0,1,34
612.0,18,12,False,Wilson Odobert,28,fr FRA,LW,20-150,23,8,11,72.7,73,4,6,7,85.7,1,2,50.0,0,0,,0,0.0,0.0,0,0,0,0,0,34
491.0,18,12,False,Brennan Johnson,22,wls WAL,RW,23-339,90,5,12,41.7,83,32,2,5,40.0,3,3,100.0,0,3,0.0,0,0.0,0.0,0,0,1,0,2,34
494.0,18,12,False,James Maddison,10,eng ENG,LM,28-155,45,20,24,83.3,372,137,4,4,100.0,11,12,91.7,3,5,60.0,1,0.1,0.1,2,2,0,0,4,34
492.0,18,12,False,Dejan Kulusevski,21,se SWE,AM,25-002,45,5,8,62.5,74,32,3,3,100.0,2,3,66.7,0,0,,0,0.0,0.0,0,0,0,0,1,34
489.0,18,12,False,Archie Gray,14,eng ENG,CM,19-046,45,12,15,80.0,174,18,4,4,100.0,7,8,87.5,0,1,0.0,0,0.0,0.0,0,0,0,0,1,34
499.0,18,12,False,Pape Matar Sarr,29,sn SEN,DM,22-225,45,16,18,88.9,197,44,8,8,100.0,5,5,100.0,0,2,0.0,0,0.0,0.0,0,0,0,0,0,34
481.0,18,12,False,Lucas Bergvall,15,se SWE,"DM,RM",19-084,90,21,31,67.7,418,127,5,8,62.5,12,15,80.0,3,5,60.0,0,0.0,0.0,0,3,0,0,0,34
505.0,18,12,False,Destiny Udogie,13,it ITA,LB,22-150,90,32,38,84.2,486,179,16,17,94.1,13,15,86.7,2,3,66.7,0,0.1,0.1,1,2,0,0,3,34
484.0,18,12,False,Ben Davies,33,wls WAL,CB,32-003,90,41,51,80.4,793,228,11,12,91.7,22,23,95.7,4,12,33.3,0,0.0,0.0,0,1,0,0,1,34
767.0,18,12,False,Kevin Danso,4,at AUT,CB,26-220,90,35,48,72.9,773,304,10,14,71.4,21,27,77.8,4,7,57.1,0,0.0,0.0,1,2,0,0,1,34
504.0,18,12,False,Djed Spence,24,eng ENG,RB,24-261,90,25,38,65.8,434,123,11,14,78.6,13,17,76.5,1,5,20.0,0,0.0,0.0,0,1,1,0,4,34
508.0,18,12,False,Guglielmo Vicario,1,it ITA,GK,28-202,90,28,41,68.3,674,393,5,5,100.0,16,17,94.1,7,19,36.8,0,0.0,0.0,0,0,0,0,0,34
447.0,16,4,True,Chris Wood,11,nz NZL,FW,33-145,90,7,11,63.6,115,24,4,5,80.0,0,2,0.0,2,2,100.0,0,0.1,0.0,1,1,0,0,0,34
434.0,16,4,True,Callum Hudson-Odoi,14,eng ENG,LW,24-175,45,14,16,87.5,267,34,6,6,100.0,4,5,80.0,3,4,75.0,0,0.0,0.0,0,1,1,1,0,34
431.0,16,4,True,Nicolás Domínguez,16,ar ARG,"RM,RW",26-307,45,23,27,85.2,351,138,11,11,100.0,11,12,91.7,1,3,33.3,0,0.0,0.0,0,3,1,1,3,34
432.0,16,4,True,Anthony Elanga,21,se SWE,"RW,LM,LW",23-004,90,26,44,59.1,378,143,15,21,71.4,8,13,61.5,2,8,25.0,0,0.3,0.2,3,1,1,0,5,34
433.0,16,4,True,Morgan Gibbs-White,10,eng ENG,"AM,CM",25-094,74,27,40,67.5,395,145,16,18,88.9,9,15,60.0,1,3,33.3,0,0.1,0.0,2,4,0,0,6,34
596.0,16,4,True,Jota Silva,20,pt POR,RB,25-273,16,2,5,40.0,33,22,1,1,100.0,1,1,100.0,0,3,0.0,0,0.0,0.0,0,0,0,0,2,34
423.0,16,4,True,Elliot Anderson,8,eng ENG,DM,22-176,60,32,42,76.2,454,163,19,21,90.5,8,10,80.0,3,8,37.5,0,0.0,0.0,0,3,1,0,3,34
424.0,16,4,True,Taiwo Awoniyi,9,ng NGA,FW,27-262,30,2,4,50.0,17,0,2,3,66.7,0,0,,0,0,,0,0.0,0.0,0,0,0,0,0,34
449.0,16,4,True,Ryan Yates,22,eng ENG,"DM,CM",27-161,84,29,39,74.4,530,116,11,16,68.8,12,14,85.7,4,6,66.7,0,0.0,0.0,0,2,0,0,2,34
620.0,16,4,True,Ramón Sosa,24,py PAR,CM,25-243,6,2,2,100.0,21,15,1,1,100.0,1,1,100.0,0,0,,0,0.0,0.0,0,0,0,0,1,34
437.0,16,4,True,Neco Williams,7,wls WAL,LB,24-018,90,48,59,81.4,648,284,29,30,96.7,13,19,68.4,2,5,40.0,0,0.0,0.0,1,4,1,0,6,34
436.0,16,4,True,Murillo,5,br BRA,CB,22-301,90,40,50,80.0,737,324,16,21,76.2,13,13,100.0,8,11,72.7,0,0.0,0.0,0,6,1,0,2,34
573.0,16,4,True,Nikola Milenković,31,rs SRB,CB,27-201,90,23,26,88.5,404,122,10,11,90.9,9,10,90.0,3,4,75.0,0,0.1,0.0,1,1,0,0,2,34
422.0,16,4,True,Ola Aina,34,ng NGA,RB,28-205,74,29,39,74.4,475,203,13,14,92.9,14,15,93.3,2,4,50.0,0,0.2,0.3,2,0,3,1,4,34
442.0,16,4,True,Ibrahim Sangaré,6,ci CIV,CM,27-150,16,14,14,100.0,210,93,7,7,100.0,3,3,100.0,2,2,100.0,0,0.0,0.0,1,2,0,0,2,34
443.0,16,4,True,Matz Sels,26,be BEL,GK,33-064,90,13,19,68.4,324,217,3,3,100.0,7,7,100.0,3,9,33.3,0,0.0,0.0,0,1,0,0,0,34
110.0,4,16,False,Yoane Wissa,11,cd COD,FW,28-240,90,5,9,55.6,60,24,4,7,57.1,1,1,100.0,0,1,0.0,0,0.0,0.0,0,1,0,0,1,34
106.0,4,16,False,Kevin Schade,7,de GER,LW,23-155,67,8,12,66.7,108,3,5,8,62.5,3,3,100.0,0,0,,0,0.1,0.1,1,0,0,0,0,34
95.0,4,16,False,Mathias Jensen,8,dk DEN,LW,29-120,23,5,6,83.3,59,12,4,4,100.0,1,2,50.0,0,0,,0,0.0,0.0,0,0,0,0,0,34
99.0,4,16,False,Bryan Mbeumo,19,cm CMR,RW,25-267,90,16,34,47.1,245,68,10,16,62.5,5,9,55.6,1,5,20.0,0,0.1,0.2,2,2,0,0,1,34
89.0,4,16,False,Mikkel Damsgaard,24,dk DEN,AM,24-302,83,30,38,78.9,654,372,14,15,93.3,9,13,69.2,7,10,70.0,0,0.3,0.3,2,5,4,2,5,34
97.0,4,16,False,Yunus Emre Konak,26,tr TUR,AM,19-111,7,3,4,75.0,44,6,1,1,100.0,2,3,66.7,0,0,,0,0.0,0.0,0,0,0,0,0,34
111.0,4,16,False,Yehor Yarmoliuk,18,ua UKR,DM,21-061,90,28,36,77.8,512,147,13,18,72.2,10,12,83.3,4,5,80.0,0,0.1,0.0,2,2,0,0,3,34
101.0,4,16,False,Christian Nørgaard,6,dk DEN,DM,31-052,90,27,33,81.8,499,190,12,13,92.3,11,14,78.6,3,5,60.0,0,0.0,0.0,1,5,1,0,4,34
98.0,4,16,False,Keane Lewis-Potter,23,eng ENG,LB,24-068,45,11,13,84.6,179,34,5,5,100.0,6,6,100.0,0,1,0.0,0,0.0,0.0,0,0,0,0,0,34
92.0,4,16,False,Rico Henry,3,eng ENG,LB,27-297,45,10,13,76.9,142,35,8,9,88.9,2,3,66.7,0,1,0.0,0,0.0,0.0,0,0,0,0,0,34
338.0,4,16,False,Sepp van den Berg,4,nl NED,CB,23-132,90,38,41,92.7,691,222,14,14,100.0,22,23,95.7,2,4,50.0,0,0.0,0.0,0,1,0,0,2,34
88.0,4,16,False,Nathan Collins,22,ie IRL,CB,24-001,90,34,42,81.0,769,324,9,12,75.0,19,20,95.0,6,10,60.0,1,0.2,0.2,1,4,0,0,1,34
757.0,4,16,False,Michael Kayode,33,it ITA,RB,20-295,83,17,27,63.0,305,123,7,10,70.0,8,12,66.7,2,5,40.0,0,0.0,0.0,0,0,0,0,0,34
86.0,4,16,False,Kristoffer Ajer,20,no NOR,RB,27-014,7,1,2,50.0,9,0,1,2,50.0,0,0,,0,0,,0,0.0,0.0,0,0,0,0,0,34
91.0,4,16,False,Mark Flekken,1,nl NED,GK,31-322,90,31,43,72.1,1024,822,4,4,100.0,17,17,100.0,10,22,45.5,1,0.3,0.0,1,1,0,0,0,34
